deleted disk stats,12-12-2022_20:28:31
#################### DISK STATS 12/12/2022 20:27:56 ####################
Partition,C:\
Total size,487.3437 GB
Used size,439.5647 GB
Free size,47.779 GB
Usage,90.2%
---------------
Partition,D:\
Total size,465.5869 GB
Used size,47.8841 GB
Free size,417.7029 GB
Usage,10.3%
---------------
#################### DISK STATS 12/12/2022 20:27:57 ####################
Partition,C:\
Total size,487.3437 GB
Used size,439.5647 GB
Free size,47.779 GB
Usage,90.2%
---------------
Partition,D:\
Total size,465.5869 GB
Used size,47.8841 GB
Free size,417.7029 GB
Usage,10.3%
---------------
#################### DISK STATS 12/12/2022 20:27:58 ####################
Partition,C:\
Total size,487.3437 GB
Used size,439.5647 GB
Free size,47.779 GB
Usage,90.2%
---------------
Partition,D:\
Total size,465.5869 GB
Used size,47.8841 GB
Free size,417.7029 GB
Usage,10.3%
---------------
#################### DISK STATS 12/12/2022 20:28:00 ####################
Partition,C:\
Total size,487.3437 GB
Used size,439.5647 GB
Free size,47.779 GB
Usage,90.2%
---------------
Partition,D:\
Total size,465.5869 GB
Used size,47.8841 GB
Free size,417.7029 GB
Usage,10.3%
---------------
#################### DISK STATS 12/12/2022 20:28:01 ####################
Partition,C:\
Total size,487.3437 GB
Used size,439.5647 GB
Free size,47.779 GB
Usage,90.2%
---------------
Partition,D:\
Total size,465.5869 GB
Used size,47.8841 GB
Free size,417.7029 GB
Usage,10.3%
---------------
#################### DISK STATS 12/12/2022 20:28:02 ####################
Partition,C:\
Total size,487.3437 GB
Used size,439.5647 GB
Free size,47.779 GB
Usage,90.2%
---------------
Partition,D:\
Total size,465.5869 GB
Used size,47.8841 GB
Free size,417.7029 GB
Usage,10.3%
---------------
#################### DISK STATS 12/12/2022 20:28:03 ####################
Partition,C:\
Total size,487.3437 GB
Used size,439.5646 GB
Free size,47.7791 GB
Usage,90.2%
---------------
Partition,D:\
Total size,465.5869 GB
Used size,47.8841 GB
Free size,417.7029 GB
Usage,10.3%
---------------
#################### DISK STATS 12/12/2022 20:28:05 ####################
Partition,C:\
Total size,487.3437 GB
Used size,439.5646 GB
Free size,47.7791 GB
Usage,90.2%
---------------
Partition,D:\
Total size,465.5869 GB
Used size,47.8841 GB
Free size,417.7029 GB
Usage,10.3%
---------------
#################### DISK STATS 12/12/2022 20:28:06 ####################
Partition,C:\
Total size,487.3437 GB
Used size,439.5646 GB
Free size,47.7791 GB
Usage,90.2%
---------------
Partition,D:\
Total size,465.5869 GB
Used size,47.8841 GB
Free size,417.7029 GB
Usage,10.3%
---------------
#################### DISK STATS 12/12/2022 20:28:07 ####################
Partition,C:\
Total size,487.3437 GB
Used size,439.5646 GB
Free size,47.7791 GB
Usage,90.2%
---------------
Partition,D:\
Total size,465.5869 GB
Used size,47.8841 GB
Free size,417.7029 GB
Usage,10.3%
---------------
#################### DISK STATS 12/12/2022 20:28:08 ####################
Partition,C:\
Total size,487.3437 GB
Used size,439.5646 GB
Free size,47.7791 GB
Usage,90.2%
---------------
Partition,D:\
Total size,465.5869 GB
Used size,47.8841 GB
Free size,417.7029 GB
Usage,10.3%
---------------
#################### DISK STATS 12/12/2022 20:28:10 ####################
Partition,C:\
Total size,487.3437 GB
Used size,439.5646 GB
Free size,47.7791 GB
Usage,90.2%
---------------
Partition,D:\
Total size,465.5869 GB
Used size,47.8841 GB
Free size,417.7029 GB
Usage,10.3%
---------------
#################### DISK STATS 12/12/2022 20:28:11 ####################
Partition,C:\
Total size,487.3437 GB
Used size,439.5646 GB
Free size,47.7791 GB
Usage,90.2%
---------------
Partition,D:\
Total size,465.5869 GB
Used size,47.8841 GB
Free size,417.7029 GB
Usage,10.3%
---------------
#################### DISK STATS 12/12/2022 20:28:12 ####################
Partition,C:\
Total size,487.3437 GB
Used size,439.5646 GB
Free size,47.7791 GB
Usage,90.2%
---------------
Partition,D:\
Total size,465.5869 GB
Used size,47.8841 GB
Free size,417.7029 GB
Usage,10.3%
---------------
#################### DISK STATS 12/12/2022 20:28:14 ####################
Partition,C:\
Total size,487.3437 GB
Used size,439.5646 GB
Free size,47.7791 GB
Usage,90.2%
---------------
Partition,D:\
Total size,465.5869 GB
Used size,47.8841 GB
Free size,417.7029 GB
Usage,10.3%
---------------
#################### DISK STATS 12/12/2022 20:28:15 ####################
Partition,C:\
Total size,487.3437 GB
Used size,439.5646 GB
Free size,47.7791 GB
Usage,90.2%
---------------
Partition,D:\
Total size,465.5869 GB
Used size,47.8841 GB
Free size,417.7029 GB
Usage,10.3%
---------------
#################### DISK STATS 12/12/2022 20:28:16 ####################
Partition,C:\
Total size,487.3437 GB
Used size,439.5646 GB
Free size,47.7791 GB
Usage,90.2%
---------------
Partition,D:\
Total size,465.5869 GB
Used size,47.8841 GB
Free size,417.7029 GB
Usage,10.3%
---------------
#################### DISK STATS 12/12/2022 20:28:17 ####################
Partition,C:\
Total size,487.3437 GB
Used size,439.5646 GB
Free size,47.7791 GB
Usage,90.2%
---------------
Partition,D:\
Total size,465.5869 GB
Used size,47.8841 GB
Free size,417.7029 GB
Usage,10.3%
---------------
#################### DISK STATS 12/12/2022 20:28:19 ####################
Partition,C:\
Total size,487.3437 GB
Used size,439.5646 GB
Free size,47.7791 GB
Usage,90.2%
---------------
Partition,D:\
Total size,465.5869 GB
Used size,47.8841 GB
Free size,417.7029 GB
Usage,10.3%
---------------
#################### DISK STATS 12/12/2022 20:28:20 ####################
Partition,C:\
Total size,487.3437 GB
Used size,439.5646 GB
Free size,47.7791 GB
Usage,90.2%
---------------
Partition,D:\
Total size,465.5869 GB
Used size,47.8841 GB
Free size,417.7029 GB
Usage,10.3%
---------------
#################### DISK STATS 12/12/2022 20:28:21 ####################
Partition,C:\
Total size,487.3437 GB
Used size,439.5646 GB
Free size,47.7791 GB
Usage,90.2%
---------------
Partition,D:\
Total size,465.5869 GB
Used size,47.8841 GB
Free size,417.7029 GB
Usage,10.3%
---------------
#################### DISK STATS 12/12/2022 20:28:22 ####################
Partition,C:\
Total size,487.3437 GB
Used size,439.5646 GB
Free size,47.7791 GB
Usage,90.2%
---------------
Partition,D:\
Total size,465.5869 GB
Used size,47.8841 GB
Free size,417.7029 GB
Usage,10.3%
---------------
#################### DISK STATS 12/12/2022 20:28:24 ####################
Partition,C:\
Total size,487.3437 GB
Used size,439.5645 GB
Free size,47.7791 GB
Usage,90.2%
---------------
Partition,D:\
Total size,465.5869 GB
Used size,47.8841 GB
Free size,417.7029 GB
Usage,10.3%
---------------
#################### DISK STATS 12/12/2022 20:28:25 ####################
Partition,C:\
Total size,487.3437 GB
Used size,439.5645 GB
Free size,47.7791 GB
Usage,90.2%
---------------
Partition,D:\
Total size,465.5869 GB
Used size,47.8841 GB
Free size,417.7029 GB
Usage,10.3%
---------------
#################### DISK STATS 12/12/2022 20:28:26 ####################
Partition,C:\
Total size,487.3437 GB
Used size,439.5645 GB
Free size,47.7791 GB
Usage,90.2%
---------------
Partition,D:\
Total size,465.5869 GB
Used size,47.8841 GB
Free size,417.7029 GB
Usage,10.3%
---------------
#################### DISK STATS 12/12/2022 20:28:27 ####################
Partition,C:\
Total size,487.3437 GB
Used size,439.5645 GB
Free size,47.7791 GB
Usage,90.2%
---------------
Partition,D:\
Total size,465.5869 GB
Used size,47.8841 GB
Free size,417.7029 GB
Usage,10.3%
---------------
#################### DISK STATS 12/12/2022 20:28:29 ####################
Partition,C:\
Total size,487.3437 GB
Used size,439.5645 GB
Free size,47.7791 GB
Usage,90.2%
---------------
Partition,D:\
Total size,465.5869 GB
Used size,47.8841 GB
Free size,417.7029 GB
Usage,10.3%
---------------
#################### DISK STATS 12/12/2022 20:28:30 ####################
Partition,C:\
Total size,487.3437 GB
Used size,439.5645 GB
Free size,47.7792 GB
Usage,90.2%
---------------
Partition,D:\
Total size,465.5869 GB
Used size,47.8841 GB
Free size,417.7029 GB
Usage,10.3%
---------------
#################### DISK STATS 12/12/2022 20:28:31 ####################
Partition,C:\
Total size,487.3437 GB
Used size,439.5645 GB
Free size,47.7792 GB
Usage,90.2%
---------------
Partition,D:\
Total size,465.5869 GB
Used size,47.8841 GB
Free size,417.7029 GB
Usage,10.3%
---------------
#################### DISK STATS 12/12/2022 20:28:33 ####################
Partition,C:\
Total size,487.3437 GB
Used size,439.5646 GB
Free size,47.7791 GB
Usage,90.2%
---------------
Partition,D:\
Total size,465.5869 GB
Used size,47.8841 GB
Free size,417.7029 GB
Usage,10.3%
---------------
#################### DISK STATS 12/12/2022 20:28:34 ####################
Partition,C:\
Total size,487.3437 GB
Used size,439.5646 GB
Free size,47.7791 GB
Usage,90.2%
---------------
Partition,D:\
Total size,465.5869 GB
Used size,47.8841 GB
Free size,417.7029 GB
Usage,10.3%
---------------
#################### DISK STATS 12/12/2022 20:28:35 ####################
Partition,C:\
Total size,487.3437 GB
Used size,439.5646 GB
Free size,47.7791 GB
Usage,90.2%
---------------
Partition,D:\
Total size,465.5869 GB
Used size,47.8841 GB
Free size,417.7029 GB
Usage,10.3%
---------------
#################### DISK STATS 12/12/2022 20:28:36 ####################
Partition,C:\
Total size,487.3437 GB
Used size,439.5646 GB
Free size,47.7791 GB
Usage,90.2%
---------------
Partition,D:\
Total size,465.5869 GB
Used size,47.8841 GB
Free size,417.7029 GB
Usage,10.3%
---------------
#################### DISK STATS 12/12/2022 20:29:27 ####################
Partition,C:\
Total size,487.3437 GB
Used size,439.5643 GB
Free size,47.7794 GB
Usage,90.2%
---------------
Partition,D:\
Total size,465.5869 GB
Used size,47.8841 GB
Free size,417.7029 GB
Usage,10.3%
---------------
#################### DISK STATS 12/12/2022 20:29:28 ####################
Partition,C:\
Total size,487.3437 GB
Used size,439.5643 GB
Free size,47.7794 GB
Usage,90.2%
---------------
Partition,D:\
Total size,465.5869 GB
Used size,47.8841 GB
Free size,417.7029 GB
Usage,10.3%
---------------
#################### DISK STATS 12/12/2022 20:29:29 ####################
Partition,C:\
Total size,487.3437 GB
Used size,439.5643 GB
Free size,47.7794 GB
Usage,90.2%
---------------
Partition,D:\
Total size,465.5869 GB
Used size,47.8841 GB
Free size,417.7029 GB
Usage,10.3%
---------------
#################### DISK STATS 12/12/2022 20:29:31 ####################
Partition,C:\
Total size,487.3437 GB
Used size,439.5643 GB
Free size,47.7794 GB
Usage,90.2%
---------------
Partition,D:\
Total size,465.5869 GB
Used size,47.8841 GB
Free size,417.7029 GB
Usage,10.3%
---------------
#################### DISK STATS 12/12/2022 20:29:32 ####################
Partition,C:\
Total size,487.3437 GB
Used size,439.5643 GB
Free size,47.7794 GB
Usage,90.2%
---------------
Partition,D:\
Total size,465.5869 GB
Used size,47.8841 GB
Free size,417.7029 GB
Usage,10.3%
---------------
#################### DISK STATS 12/12/2022 20:29:33 ####################
Partition,C:\
Total size,487.3437 GB
Used size,439.5642 GB
Free size,47.7794 GB
Usage,90.2%
---------------
Partition,D:\
Total size,465.5869 GB
Used size,47.8841 GB
Free size,417.7029 GB
Usage,10.3%
---------------
#################### DISK STATS 12/12/2022 20:29:34 ####################
Partition,C:\
Total size,487.3437 GB
Used size,439.5642 GB
Free size,47.7794 GB
Usage,90.2%
---------------
Partition,D:\
Total size,465.5869 GB
Used size,47.8841 GB
Free size,417.7029 GB
Usage,10.3%
---------------
#################### DISK STATS 13/12/2022 14:01:22 ####################
Partition,C:\
Total size,487.3437 GB
Used size,440.5863 GB
Free size,46.7574 GB
Usage,90.4%
---------------
Partition,D:\
Total size,465.5869 GB
Used size,47.8841 GB
Free size,417.7029 GB
Usage,10.3%
---------------
#################### DISK STATS 13/12/2022 14:01:24 ####################
Partition,C:\
Total size,487.3437 GB
Used size,440.5863 GB
Free size,46.7574 GB
Usage,90.4%
---------------
Partition,D:\
Total size,465.5869 GB
Used size,47.8841 GB
Free size,417.7029 GB
Usage,10.3%
---------------
#################### DISK STATS 13/12/2022 14:01:25 ####################
Partition,C:\
Total size,487.3437 GB
Used size,440.5863 GB
Free size,46.7574 GB
Usage,90.4%
---------------
Partition,D:\
Total size,465.5869 GB
Used size,47.8841 GB
Free size,417.7029 GB
Usage,10.3%
---------------
#################### DISK STATS 13/12/2022 14:01:26 ####################
Partition,C:\
Total size,487.3437 GB
Used size,440.5863 GB
Free size,46.7574 GB
Usage,90.4%
---------------
Partition,D:\
Total size,465.5869 GB
Used size,47.8841 GB
Free size,417.7029 GB
Usage,10.3%
---------------
#################### DISK STATS 13/12/2022 14:01:27 ####################
Partition,C:\
Total size,487.3437 GB
Used size,440.5863 GB
Free size,46.7574 GB
Usage,90.4%
---------------
Partition,D:\
Total size,465.5869 GB
Used size,47.8841 GB
Free size,417.7029 GB
Usage,10.3%
---------------
#################### DISK STATS 13/12/2022 14:01:29 ####################
Partition,C:\
Total size,487.3437 GB
Used size,440.5863 GB
Free size,46.7574 GB
Usage,90.4%
---------------
Partition,D:\
Total size,465.5869 GB
Used size,47.8841 GB
Free size,417.7029 GB
Usage,10.3%
---------------
#################### DISK STATS 13/12/2022 14:01:30 ####################
Partition,C:\
Total size,487.3437 GB
Used size,440.5863 GB
Free size,46.7574 GB
Usage,90.4%
---------------
Partition,D:\
Total size,465.5869 GB
Used size,47.8841 GB
Free size,417.7029 GB
Usage,10.3%
---------------
#################### DISK STATS 13/12/2022 14:01:31 ####################
Partition,C:\
Total size,487.3437 GB
Used size,440.5863 GB
Free size,46.7574 GB
Usage,90.4%
---------------
Partition,D:\
Total size,465.5869 GB
Used size,47.8841 GB
Free size,417.7029 GB
Usage,10.3%
---------------
#################### DISK STATS 13/12/2022 14:01:32 ####################
Partition,C:\
Total size,487.3437 GB
Used size,440.5863 GB
Free size,46.7574 GB
Usage,90.4%
---------------
Partition,D:\
Total size,465.5869 GB
Used size,47.8841 GB
Free size,417.7029 GB
Usage,10.3%
---------------
#################### DISK STATS 13/12/2022 14:01:34 ####################
Partition,C:\
Total size,487.3437 GB
Used size,440.5864 GB
Free size,46.7573 GB
Usage,90.4%
---------------
Partition,D:\
Total size,465.5869 GB
Used size,47.8841 GB
Free size,417.7029 GB
Usage,10.3%
---------------
#################### DISK STATS 13/12/2022 14:01:35 ####################
Partition,C:\
Total size,487.3437 GB
Used size,440.5864 GB
Free size,46.7573 GB
Usage,90.4%
---------------
Partition,D:\
Total size,465.5869 GB
Used size,47.8841 GB
Free size,417.7029 GB
Usage,10.3%
---------------
#################### DISK STATS 13/12/2022 14:01:36 ####################
Partition,C:\
Total size,487.3437 GB
Used size,440.5864 GB
Free size,46.7573 GB
Usage,90.4%
---------------
Partition,D:\
Total size,465.5869 GB
Used size,47.8841 GB
Free size,417.7029 GB
Usage,10.3%
---------------
#################### DISK STATS 13/12/2022 14:01:38 ####################
Partition,C:\
Total size,487.3437 GB
Used size,440.5864 GB
Free size,46.7573 GB
Usage,90.4%
---------------
Partition,D:\
Total size,465.5869 GB
Used size,47.8841 GB
Free size,417.7029 GB
Usage,10.3%
---------------
#################### DISK STATS 13/12/2022 14:01:39 ####################
Partition,C:\
Total size,487.3437 GB
Used size,440.5864 GB
Free size,46.7573 GB
Usage,90.4%
---------------
Partition,D:\
Total size,465.5869 GB
Used size,47.8841 GB
Free size,417.7029 GB
Usage,10.3%
---------------
#################### DISK STATS 13/12/2022 14:01:40 ####################
Partition,C:\
Total size,487.3437 GB
Used size,440.5864 GB
Free size,46.7573 GB
Usage,90.4%
---------------
Partition,D:\
Total size,465.5869 GB
Used size,47.8841 GB
Free size,417.7029 GB
Usage,10.3%
---------------
#################### DISK STATS 13/12/2022 14:01:41 ####################
Partition,C:\
Total size,487.3437 GB
Used size,440.5864 GB
Free size,46.7573 GB
Usage,90.4%
---------------
Partition,D:\
Total size,465.5869 GB
Used size,47.8841 GB
Free size,417.7029 GB
Usage,10.3%
---------------
#################### DISK STATS 13/12/2022 14:01:43 ####################
Partition,C:\
Total size,487.3437 GB
Used size,440.5864 GB
Free size,46.7573 GB
Usage,90.4%
---------------
Partition,D:\
Total size,465.5869 GB
Used size,47.8841 GB
Free size,417.7029 GB
Usage,10.3%
---------------
#################### DISK STATS 13/12/2022 14:01:44 ####################
Partition,C:\
Total size,487.3437 GB
Used size,440.5864 GB
Free size,46.7573 GB
Usage,90.4%
---------------
Partition,D:\
Total size,465.5869 GB
Used size,47.8841 GB
Free size,417.7029 GB
Usage,10.3%
---------------
#################### DISK STATS 13/12/2022 14:01:45 ####################
Partition,C:\
Total size,487.3437 GB
Used size,440.5864 GB
Free size,46.7573 GB
Usage,90.4%
---------------
Partition,D:\
Total size,465.5869 GB
Used size,47.8841 GB
Free size,417.7029 GB
Usage,10.3%
---------------
#################### DISK STATS 13/12/2022 14:01:46 ####################
Partition,C:\
Total size,487.3437 GB
Used size,440.5864 GB
Free size,46.7573 GB
Usage,90.4%
---------------
Partition,D:\
Total size,465.5869 GB
Used size,47.8841 GB
Free size,417.7029 GB
Usage,10.3%
---------------
#################### DISK STATS 13/12/2022 14:01:48 ####################
Partition,C:\
Total size,487.3437 GB
Used size,440.5865 GB
Free size,46.7572 GB
Usage,90.4%
---------------
Partition,D:\
Total size,465.5869 GB
Used size,47.8841 GB
Free size,417.7029 GB
Usage,10.3%
---------------
#################### DISK STATS 13/12/2022 14:01:49 ####################
Partition,C:\
Total size,487.3437 GB
Used size,440.5865 GB
Free size,46.7572 GB
Usage,90.4%
---------------
Partition,D:\
Total size,465.5869 GB
Used size,47.8841 GB
Free size,417.7029 GB
Usage,10.3%
---------------
#################### DISK STATS 13/12/2022 14:01:50 ####################
Partition,C:\
Total size,487.3437 GB
Used size,440.5865 GB
Free size,46.7572 GB
Usage,90.4%
---------------
Partition,D:\
Total size,465.5869 GB
Used size,47.8841 GB
Free size,417.7029 GB
Usage,10.3%
---------------
#################### DISK STATS 13/12/2022 14:01:51 ####################
Partition,C:\
Total size,487.3437 GB
Used size,440.5865 GB
Free size,46.7572 GB
Usage,90.4%
---------------
Partition,D:\
Total size,465.5869 GB
Used size,47.8841 GB
Free size,417.7029 GB
Usage,10.3%
---------------
#################### DISK STATS 13/12/2022 14:01:53 ####################
Partition,C:\
Total size,487.3437 GB
Used size,440.5865 GB
Free size,46.7572 GB
Usage,90.4%
---------------
Partition,D:\
Total size,465.5869 GB
Used size,47.8841 GB
Free size,417.7029 GB
Usage,10.3%
---------------
#################### DISK STATS 13/12/2022 14:01:54 ####################
Partition,C:\
Total size,487.3437 GB
Used size,440.5869 GB
Free size,46.7568 GB
Usage,90.4%
---------------
Partition,D:\
Total size,465.5869 GB
Used size,47.8841 GB
Free size,417.7029 GB
Usage,10.3%
---------------
#################### DISK STATS 13/12/2022 14:01:55 ####################
Partition,C:\
Total size,487.3437 GB
Used size,440.587 GB
Free size,46.7567 GB
Usage,90.4%
---------------
Partition,D:\
Total size,465.5869 GB
Used size,47.8841 GB
Free size,417.7029 GB
Usage,10.3%
---------------
#################### DISK STATS 13/12/2022 14:01:56 ####################
Partition,C:\
Total size,487.3437 GB
Used size,440.587 GB
Free size,46.7567 GB
Usage,90.4%
---------------
Partition,D:\
Total size,465.5869 GB
Used size,47.8841 GB
Free size,417.7029 GB
Usage,10.3%
---------------
#################### DISK STATS 13/12/2022 14:01:58 ####################
Partition,C:\
Total size,487.3437 GB
Used size,440.587 GB
Free size,46.7567 GB
Usage,90.4%
---------------
Partition,D:\
Total size,465.5869 GB
Used size,47.8841 GB
Free size,417.7029 GB
Usage,10.3%
---------------
#################### DISK STATS 13/12/2022 14:01:59 ####################
Partition,C:\
Total size,487.3437 GB
Used size,440.5871 GB
Free size,46.7565 GB
Usage,90.4%
---------------
Partition,D:\
Total size,465.5869 GB
Used size,47.8841 GB
Free size,417.7029 GB
Usage,10.3%
---------------
#################### DISK STATS 13/12/2022 14:02:00 ####################
Partition,C:\
Total size,487.3437 GB
Used size,440.5871 GB
Free size,46.7565 GB
Usage,90.4%
---------------
Partition,D:\
Total size,465.5869 GB
Used size,47.8841 GB
Free size,417.7029 GB
Usage,10.3%
---------------
#################### DISK STATS 13/12/2022 14:02:01 ####################
Partition,C:\
Total size,487.3437 GB
Used size,440.5872 GB
Free size,46.7565 GB
Usage,90.4%
---------------
Partition,D:\
Total size,465.5869 GB
Used size,47.8841 GB
Free size,417.7029 GB
Usage,10.3%
---------------
#################### DISK STATS 13/12/2022 14:02:03 ####################
Partition,C:\
Total size,487.3437 GB
Used size,440.5872 GB
Free size,46.7565 GB
Usage,90.4%
---------------
Partition,D:\
Total size,465.5869 GB
Used size,47.8841 GB
Free size,417.7029 GB
Usage,10.3%
---------------
#################### DISK STATS 13/12/2022 14:02:04 ####################
Partition,C:\
Total size,487.3437 GB
Used size,440.5874 GB
Free size,46.7563 GB
Usage,90.4%
---------------
Partition,D:\
Total size,465.5869 GB
Used size,47.8841 GB
Free size,417.7029 GB
Usage,10.3%
---------------
#################### DISK STATS 13/12/2022 14:02:05 ####################
Partition,C:\
Total size,487.3437 GB
Used size,440.5876 GB
Free size,46.7561 GB
Usage,90.4%
---------------
Partition,D:\
Total size,465.5869 GB
Used size,47.8841 GB
Free size,417.7029 GB
Usage,10.3%
---------------
#################### DISK STATS 13/12/2022 14:02:06 ####################
Partition,C:\
Total size,487.3437 GB
Used size,440.5876 GB
Free size,46.7561 GB
Usage,90.4%
---------------
Partition,D:\
Total size,465.5869 GB
Used size,47.8841 GB
Free size,417.7029 GB
Usage,10.3%
---------------
#################### DISK STATS 13/12/2022 14:02:08 ####################
Partition,C:\
Total size,487.3437 GB
Used size,440.5876 GB
Free size,46.7561 GB
Usage,90.4%
---------------
Partition,D:\
Total size,465.5869 GB
Used size,47.8841 GB
Free size,417.7029 GB
Usage,10.3%
---------------
#################### DISK STATS 13/12/2022 14:02:09 ####################
Partition,C:\
Total size,487.3437 GB
Used size,440.5839 GB
Free size,46.7598 GB
Usage,90.4%
---------------
Partition,D:\
Total size,465.5869 GB
Used size,47.8841 GB
Free size,417.7029 GB
Usage,10.3%
---------------
#################### DISK STATS 13/12/2022 14:02:10 ####################
Partition,C:\
Total size,487.3437 GB
Used size,440.5841 GB
Free size,46.7596 GB
Usage,90.4%
---------------
Partition,D:\
Total size,465.5869 GB
Used size,47.8841 GB
Free size,417.7029 GB
Usage,10.3%
---------------
#################### DISK STATS 13/12/2022 14:02:11 ####################
Partition,C:\
Total size,487.3437 GB
Used size,440.5841 GB
Free size,46.7596 GB
Usage,90.4%
---------------
Partition,D:\
Total size,465.5869 GB
Used size,47.8841 GB
Free size,417.7029 GB
Usage,10.3%
---------------
#################### DISK STATS 13/12/2022 14:02:13 ####################
Partition,C:\
Total size,487.3437 GB
Used size,440.5841 GB
Free size,46.7596 GB
Usage,90.4%
---------------
Partition,D:\
Total size,465.5869 GB
Used size,47.8841 GB
Free size,417.7029 GB
Usage,10.3%
---------------
#################### DISK STATS 13/12/2022 14:02:14 ####################
Partition,C:\
Total size,487.3437 GB
Used size,440.5842 GB
Free size,46.7595 GB
Usage,90.4%
---------------
Partition,D:\
Total size,465.5869 GB
Used size,47.8841 GB
Free size,417.7029 GB
Usage,10.3%
---------------
#################### DISK STATS 13/12/2022 14:02:15 ####################
Partition,C:\
Total size,487.3437 GB
Used size,440.5842 GB
Free size,46.7595 GB
Usage,90.4%
---------------
Partition,D:\
Total size,465.5869 GB
Used size,47.8841 GB
Free size,417.7029 GB
Usage,10.3%
---------------
#################### DISK STATS 13/12/2022 14:02:16 ####################
Partition,C:\
Total size,487.3437 GB
Used size,440.5842 GB
Free size,46.7595 GB
Usage,90.4%
---------------
Partition,D:\
Total size,465.5869 GB
Used size,47.8841 GB
Free size,417.7029 GB
Usage,10.3%
---------------
#################### DISK STATS 13/12/2022 14:02:18 ####################
Partition,C:\
Total size,487.3437 GB
Used size,440.5842 GB
Free size,46.7595 GB
Usage,90.4%
---------------
Partition,D:\
Total size,465.5869 GB
Used size,47.8841 GB
Free size,417.7029 GB
Usage,10.3%
---------------
#################### DISK STATS 13/12/2022 14:02:19 ####################
Partition,C:\
Total size,487.3437 GB
Used size,440.5842 GB
Free size,46.7595 GB
Usage,90.4%
---------------
Partition,D:\
Total size,465.5869 GB
Used size,47.8841 GB
Free size,417.7029 GB
Usage,10.3%
---------------
#################### DISK STATS 13/12/2022 14:02:20 ####################
Partition,C:\
Total size,487.3437 GB
Used size,440.5841 GB
Free size,46.7595 GB
Usage,90.4%
---------------
Partition,D:\
Total size,465.5869 GB
Used size,47.8841 GB
Free size,417.7029 GB
Usage,10.3%
---------------
#################### DISK STATS 13/12/2022 14:02:22 ####################
Partition,C:\
Total size,487.3437 GB
Used size,440.5841 GB
Free size,46.7595 GB
Usage,90.4%
---------------
Partition,D:\
Total size,465.5869 GB
Used size,47.8841 GB
Free size,417.7029 GB
Usage,10.3%
---------------
#################### DISK STATS 13/12/2022 14:02:23 ####################
Partition,C:\
Total size,487.3437 GB
Used size,440.5842 GB
Free size,46.7595 GB
Usage,90.4%
---------------
Partition,D:\
Total size,465.5869 GB
Used size,47.8841 GB
Free size,417.7029 GB
Usage,10.3%
---------------
#################### DISK STATS 15/12/2022 00:38:56 ####################
Partition,C:\
Total size,487.3437 GB
Used size,449.1877 GB
Free size,38.1559 GB
Usage,92.2%
---------------
Partition,D:\
Total size,465.5869 GB
Used size,47.8841 GB
Free size,417.7029 GB
Usage,10.3%
---------------
#################### DISK STATS 15/12/2022 00:38:57 ####################
Partition,C:\
Total size,487.3437 GB
Used size,449.1877 GB
Free size,38.156 GB
Usage,92.2%
---------------
Partition,D:\
Total size,465.5869 GB
Used size,47.8841 GB
Free size,417.7029 GB
Usage,10.3%
---------------
#################### DISK STATS 15/12/2022 00:38:58 ####################
Partition,C:\
Total size,487.3437 GB
Used size,449.1877 GB
Free size,38.156 GB
Usage,92.2%
---------------
Partition,D:\
Total size,465.5869 GB
Used size,47.8841 GB
Free size,417.7029 GB
Usage,10.3%
---------------
#################### DISK STATS 15/12/2022 00:38:59 ####################
Partition,C:\
Total size,487.3437 GB
Used size,449.1877 GB
Free size,38.156 GB
Usage,92.2%
---------------
Partition,D:\
Total size,465.5869 GB
Used size,47.8841 GB
Free size,417.7029 GB
Usage,10.3%
---------------
#################### DISK STATS 15/12/2022 00:39:01 ####################
Partition,C:\
Total size,487.3437 GB
Used size,449.1877 GB
Free size,38.156 GB
Usage,92.2%
---------------
Partition,D:\
Total size,465.5869 GB
Used size,47.8841 GB
Free size,417.7029 GB
Usage,10.3%
---------------
#################### DISK STATS 15/12/2022 00:39:02 ####################
Partition,C:\
Total size,487.3437 GB
Used size,449.1877 GB
Free size,38.156 GB
Usage,92.2%
---------------
Partition,D:\
Total size,465.5869 GB
Used size,47.8841 GB
Free size,417.7029 GB
Usage,10.3%
---------------
#################### DISK STATS 15/12/2022 00:39:03 ####################
Partition,C:\
Total size,487.3437 GB
Used size,449.1877 GB
Free size,38.156 GB
Usage,92.2%
---------------
Partition,D:\
Total size,465.5869 GB
Used size,47.8841 GB
Free size,417.7029 GB
Usage,10.3%
---------------
#################### DISK STATS 15/12/2022 00:39:04 ####################
Partition,C:\
Total size,487.3437 GB
Used size,449.1877 GB
Free size,38.156 GB
Usage,92.2%
---------------
Partition,D:\
Total size,465.5869 GB
Used size,47.8841 GB
Free size,417.7029 GB
Usage,10.3%
---------------
#################### DISK STATS 15/12/2022 00:39:06 ####################
Partition,C:\
Total size,487.3437 GB
Used size,449.1877 GB
Free size,38.1559 GB
Usage,92.2%
---------------
Partition,D:\
Total size,465.5869 GB
Used size,47.8841 GB
Free size,417.7029 GB
Usage,10.3%
---------------
#################### DISK STATS 15/12/2022 00:39:07 ####################
Partition,C:\
Total size,487.3437 GB
Used size,449.1877 GB
Free size,38.1559 GB
Usage,92.2%
---------------
Partition,D:\
Total size,465.5869 GB
Used size,47.8841 GB
Free size,417.7029 GB
Usage,10.3%
---------------
#################### DISK STATS 15/12/2022 00:39:08 ####################
Partition,C:\
Total size,487.3437 GB
Used size,449.1877 GB
Free size,38.1559 GB
Usage,92.2%
---------------
Partition,D:\
Total size,465.5869 GB
Used size,47.8841 GB
Free size,417.7029 GB
Usage,10.3%
---------------
#################### DISK STATS 15/12/2022 00:39:10 ####################
Partition,C:\
Total size,487.3437 GB
Used size,449.1877 GB
Free size,38.1559 GB
Usage,92.2%
---------------
Partition,D:\
Total size,465.5869 GB
Used size,47.8841 GB
Free size,417.7029 GB
Usage,10.3%
---------------
#################### DISK STATS 15/12/2022 00:39:11 ####################
Partition,C:\
Total size,487.3437 GB
Used size,449.1877 GB
Free size,38.1559 GB
Usage,92.2%
---------------
Partition,D:\
Total size,465.5869 GB
Used size,47.8841 GB
Free size,417.7029 GB
Usage,10.3%
---------------
#################### DISK STATS 15/12/2022 00:39:12 ####################
Partition,C:\
Total size,487.3437 GB
Used size,449.1877 GB
Free size,38.1559 GB
Usage,92.2%
---------------
Partition,D:\
Total size,465.5869 GB
Used size,47.8841 GB
Free size,417.7029 GB
Usage,10.3%
---------------
#################### DISK STATS 15/12/2022 00:39:13 ####################
Partition,C:\
Total size,487.3437 GB
Used size,449.1877 GB
Free size,38.1559 GB
Usage,92.2%
---------------
Partition,D:\
Total size,465.5869 GB
Used size,47.8841 GB
Free size,417.7029 GB
Usage,10.3%
---------------
#################### DISK STATS 15/12/2022 00:39:15 ####################
Partition,C:\
Total size,487.3437 GB
Used size,449.1877 GB
Free size,38.1559 GB
Usage,92.2%
---------------
Partition,D:\
Total size,465.5869 GB
Used size,47.8841 GB
Free size,417.7029 GB
Usage,10.3%
---------------
#################### DISK STATS 15/12/2022 00:39:16 ####################
Partition,C:\
Total size,487.3437 GB
Used size,449.1877 GB
Free size,38.1559 GB
Usage,92.2%
---------------
Partition,D:\
Total size,465.5869 GB
Used size,47.8841 GB
Free size,417.7029 GB
Usage,10.3%
---------------
#################### DISK STATS 15/12/2022 00:39:17 ####################
Partition,C:\
Total size,487.3437 GB
Used size,449.1877 GB
Free size,38.1559 GB
Usage,92.2%
---------------
Partition,D:\
Total size,465.5869 GB
Used size,47.8841 GB
Free size,417.7029 GB
Usage,10.3%
---------------
#################### DISK STATS 15/12/2022 00:39:18 ####################
Partition,C:\
Total size,487.3437 GB
Used size,449.1877 GB
Free size,38.1559 GB
Usage,92.2%
---------------
Partition,D:\
Total size,465.5869 GB
Used size,47.8841 GB
Free size,417.7029 GB
Usage,10.3%
---------------
#################### DISK STATS 15/12/2022 00:39:20 ####################
Partition,C:\
Total size,487.3437 GB
Used size,449.1877 GB
Free size,38.1559 GB
Usage,92.2%
---------------
Partition,D:\
Total size,465.5869 GB
Used size,47.8841 GB
Free size,417.7029 GB
Usage,10.3%
---------------
#################### DISK STATS 15/12/2022 00:39:21 ####################
Partition,C:\
Total size,487.3437 GB
Used size,449.1877 GB
Free size,38.1559 GB
Usage,92.2%
---------------
Partition,D:\
Total size,465.5869 GB
Used size,47.8841 GB
Free size,417.7029 GB
Usage,10.3%
---------------
#################### DISK STATS 15/12/2022 00:39:22 ####################
Partition,C:\
Total size,487.3437 GB
Used size,449.1878 GB
Free size,38.1559 GB
Usage,92.2%
---------------
Partition,D:\
Total size,465.5869 GB
Used size,47.8841 GB
Free size,417.7029 GB
Usage,10.3%
---------------
#################### DISK STATS 15/12/2022 00:39:23 ####################
Partition,C:\
Total size,487.3437 GB
Used size,449.1878 GB
Free size,38.1559 GB
Usage,92.2%
---------------
Partition,D:\
Total size,465.5869 GB
Used size,47.8841 GB
Free size,417.7029 GB
Usage,10.3%
---------------
#################### DISK STATS 15/12/2022 00:39:25 ####################
Partition,C:\
Total size,487.3437 GB
Used size,449.1879 GB
Free size,38.1558 GB
Usage,92.2%
---------------
Partition,D:\
Total size,465.5869 GB
Used size,47.8841 GB
Free size,417.7029 GB
Usage,10.3%
---------------
#################### DISK STATS 15/12/2022 00:39:26 ####################
Partition,C:\
Total size,487.3437 GB
Used size,449.1879 GB
Free size,38.1558 GB
Usage,92.2%
---------------
Partition,D:\
Total size,465.5869 GB
Used size,47.8841 GB
Free size,417.7029 GB
Usage,10.3%
---------------
#################### DISK STATS 15/12/2022 00:39:27 ####################
Partition,C:\
Total size,487.3437 GB
Used size,449.1879 GB
Free size,38.1558 GB
Usage,92.2%
---------------
Partition,D:\
Total size,465.5869 GB
Used size,47.8841 GB
Free size,417.7029 GB
Usage,10.3%
---------------
#################### DISK STATS 15/12/2022 00:39:28 ####################
Partition,C:\
Total size,487.3437 GB
Used size,449.1879 GB
Free size,38.1558 GB
Usage,92.2%
---------------
Partition,D:\
Total size,465.5869 GB
Used size,47.8841 GB
Free size,417.7029 GB
Usage,10.3%
---------------
#################### DISK STATS 15/12/2022 00:39:30 ####################
Partition,C:\
Total size,487.3437 GB
Used size,449.1879 GB
Free size,38.1558 GB
Usage,92.2%
---------------
Partition,D:\
Total size,465.5869 GB
Used size,47.8841 GB
Free size,417.7029 GB
Usage,10.3%
---------------
#################### DISK STATS 15/12/2022 00:39:31 ####################
Partition,C:\
Total size,487.3437 GB
Used size,449.1879 GB
Free size,38.1558 GB
Usage,92.2%
---------------
Partition,D:\
Total size,465.5869 GB
Used size,47.8841 GB
Free size,417.7029 GB
Usage,10.3%
---------------
#################### DISK STATS 15/12/2022 00:39:32 ####################
Partition,C:\
Total size,487.3437 GB
Used size,449.1879 GB
Free size,38.1558 GB
Usage,92.2%
---------------
Partition,D:\
Total size,465.5869 GB
Used size,47.8841 GB
Free size,417.7029 GB
Usage,10.3%
---------------
#################### DISK STATS 15/12/2022 00:39:33 ####################
Partition,C:\
Total size,487.3437 GB
Used size,449.1879 GB
Free size,38.1558 GB
Usage,92.2%
---------------
Partition,D:\
Total size,465.5869 GB
Used size,47.8841 GB
Free size,417.7029 GB
Usage,10.3%
---------------
#################### DISK STATS 15/12/2022 00:39:35 ####################
Partition,C:\
Total size,487.3437 GB
Used size,449.1879 GB
Free size,38.1558 GB
Usage,92.2%
---------------
Partition,D:\
Total size,465.5869 GB
Used size,47.8841 GB
Free size,417.7029 GB
Usage,10.3%
---------------
#################### DISK STATS 15/12/2022 00:39:36 ####################
Partition,C:\
Total size,487.3437 GB
Used size,449.1878 GB
Free size,38.1559 GB
Usage,92.2%
---------------
Partition,D:\
Total size,465.5869 GB
Used size,47.8841 GB
Free size,417.7029 GB
Usage,10.3%
---------------
#################### DISK STATS 15/12/2022 00:39:37 ####################
Partition,C:\
Total size,487.3437 GB
Used size,449.1878 GB
Free size,38.1559 GB
Usage,92.2%
---------------
Partition,D:\
Total size,465.5869 GB
Used size,47.8841 GB
Free size,417.7029 GB
Usage,10.3%
---------------
#################### DISK STATS 15/12/2022 00:39:38 ####################
Partition,C:\
Total size,487.3437 GB
Used size,449.1879 GB
Free size,38.1558 GB
Usage,92.2%
---------------
Partition,D:\
Total size,465.5869 GB
Used size,47.8841 GB
Free size,417.7029 GB
Usage,10.3%
---------------
#################### DISK STATS 15/12/2022 00:39:40 ####################
Partition,C:\
Total size,487.3437 GB
Used size,449.1879 GB
Free size,38.1558 GB
Usage,92.2%
---------------
Partition,D:\
Total size,465.5869 GB
Used size,47.8841 GB
Free size,417.7029 GB
Usage,10.3%
---------------
#################### DISK STATS 15/12/2022 00:39:41 ####################
Partition,C:\
Total size,487.3437 GB
Used size,449.1879 GB
Free size,38.1558 GB
Usage,92.2%
---------------
Partition,D:\
Total size,465.5869 GB
Used size,47.8841 GB
Free size,417.7029 GB
Usage,10.3%
---------------
#################### DISK STATS 15/12/2022 00:39:42 ####################
Partition,C:\
Total size,487.3437 GB
Used size,449.1879 GB
Free size,38.1558 GB
Usage,92.2%
---------------
Partition,D:\
Total size,465.5869 GB
Used size,47.8841 GB
Free size,417.7029 GB
Usage,10.3%
---------------
#################### DISK STATS 15/12/2022 00:39:43 ####################
Partition,C:\
Total size,487.3437 GB
Used size,449.1879 GB
Free size,38.1558 GB
Usage,92.2%
---------------
Partition,D:\
Total size,465.5869 GB
Used size,47.8841 GB
Free size,417.7029 GB
Usage,10.3%
---------------
#################### DISK STATS 15/12/2022 00:39:45 ####################
Partition,C:\
Total size,487.3437 GB
Used size,449.1879 GB
Free size,38.1558 GB
Usage,92.2%
---------------
Partition,D:\
Total size,465.5869 GB
Used size,47.8841 GB
Free size,417.7029 GB
Usage,10.3%
---------------
#################### DISK STATS 15/12/2022 00:39:46 ####################
Partition,C:\
Total size,487.3437 GB
Used size,449.1879 GB
Free size,38.1558 GB
Usage,92.2%
---------------
Partition,D:\
Total size,465.5869 GB
Used size,47.8841 GB
Free size,417.7029 GB
Usage,10.3%
---------------
#################### DISK STATS 15/12/2022 00:39:47 ####################
Partition,C:\
Total size,487.3437 GB
Used size,449.188 GB
Free size,38.1557 GB
Usage,92.2%
---------------
Partition,D:\
Total size,465.5869 GB
Used size,47.8841 GB
Free size,417.7029 GB
Usage,10.3%
---------------
#################### DISK STATS 15/12/2022 00:39:49 ####################
Partition,C:\
Total size,487.3437 GB
Used size,449.188 GB
Free size,38.1557 GB
Usage,92.2%
---------------
Partition,D:\
Total size,465.5869 GB
Used size,47.8841 GB
Free size,417.7029 GB
Usage,10.3%
---------------
#################### DISK STATS 15/12/2022 00:39:50 ####################
Partition,C:\
Total size,487.3437 GB
Used size,449.188 GB
Free size,38.1557 GB
Usage,92.2%
---------------
Partition,D:\
Total size,465.5869 GB
Used size,47.8841 GB
Free size,417.7029 GB
Usage,10.3%
---------------
#################### DISK STATS 15/12/2022 00:39:51 ####################
Partition,C:\
Total size,487.3437 GB
Used size,449.1879 GB
Free size,38.1558 GB
Usage,92.2%
---------------
Partition,D:\
Total size,465.5869 GB
Used size,47.8841 GB
Free size,417.7029 GB
Usage,10.3%
---------------
#################### DISK STATS 15/12/2022 00:39:52 ####################
Partition,C:\
Total size,487.3437 GB
Used size,449.1879 GB
Free size,38.1558 GB
Usage,92.2%
---------------
Partition,D:\
Total size,465.5869 GB
Used size,47.8841 GB
Free size,417.7029 GB
Usage,10.3%
---------------
#################### DISK STATS 15/12/2022 00:39:54 ####################
Partition,C:\
Total size,487.3437 GB
Used size,449.1879 GB
Free size,38.1557 GB
Usage,92.2%
---------------
Partition,D:\
Total size,465.5869 GB
Used size,47.8841 GB
Free size,417.7029 GB
Usage,10.3%
---------------
#################### DISK STATS 15/12/2022 00:39:55 ####################
Partition,C:\
Total size,487.3437 GB
Used size,449.1879 GB
Free size,38.1557 GB
Usage,92.2%
---------------
Partition,D:\
Total size,465.5869 GB
Used size,47.8841 GB
Free size,417.7029 GB
Usage,10.3%
---------------
#################### DISK STATS 15/12/2022 00:39:56 ####################
Partition,C:\
Total size,487.3437 GB
Used size,449.1879 GB
Free size,38.1557 GB
Usage,92.2%
---------------
Partition,D:\
Total size,465.5869 GB
Used size,47.8841 GB
Free size,417.7029 GB
Usage,10.3%
---------------
#################### DISK STATS 15/12/2022 00:39:57 ####################
Partition,C:\
Total size,487.3437 GB
Used size,449.1879 GB
Free size,38.1557 GB
Usage,92.2%
---------------
Partition,D:\
Total size,465.5869 GB
Used size,47.8841 GB
Free size,417.7029 GB
Usage,10.3%
---------------
#################### DISK STATS 15/12/2022 00:39:59 ####################
Partition,C:\
Total size,487.3437 GB
Used size,449.1879 GB
Free size,38.1557 GB
Usage,92.2%
---------------
Partition,D:\
Total size,465.5869 GB
Used size,47.8841 GB
Free size,417.7029 GB
Usage,10.3%
---------------
#################### DISK STATS 15/12/2022 00:40:00 ####################
Partition,C:\
Total size,487.3437 GB
Used size,449.1879 GB
Free size,38.1557 GB
Usage,92.2%
---------------
Partition,D:\
Total size,465.5869 GB
Used size,47.8841 GB
Free size,417.7029 GB
Usage,10.3%
---------------
#################### DISK STATS 15/12/2022 00:40:01 ####################
Partition,C:\
Total size,487.3437 GB
Used size,449.1879 GB
Free size,38.1557 GB
Usage,92.2%
---------------
Partition,D:\
Total size,465.5869 GB
Used size,47.8841 GB
Free size,417.7029 GB
Usage,10.3%
---------------
#################### DISK STATS 15/12/2022 00:40:02 ####################
Partition,C:\
Total size,487.3437 GB
Used size,449.188 GB
Free size,38.1557 GB
Usage,92.2%
---------------
Partition,D:\
Total size,465.5869 GB
Used size,47.8841 GB
Free size,417.7029 GB
Usage,10.3%
---------------
#################### DISK STATS 15/12/2022 00:40:04 ####################
Partition,C:\
Total size,487.3437 GB
Used size,449.188 GB
Free size,38.1557 GB
Usage,92.2%
---------------
Partition,D:\
Total size,465.5869 GB
Used size,47.8841 GB
Free size,417.7029 GB
Usage,10.3%
---------------
#################### DISK STATS 15/12/2022 00:40:05 ####################
Partition,C:\
Total size,487.3437 GB
Used size,449.188 GB
Free size,38.1557 GB
Usage,92.2%
---------------
Partition,D:\
Total size,465.5869 GB
Used size,47.8841 GB
Free size,417.7029 GB
Usage,10.3%
---------------
#################### DISK STATS 15/12/2022 00:40:06 ####################
Partition,C:\
Total size,487.3437 GB
Used size,449.188 GB
Free size,38.1557 GB
Usage,92.2%
---------------
Partition,D:\
Total size,465.5869 GB
Used size,47.8841 GB
Free size,417.7029 GB
Usage,10.3%
---------------
#################### DISK STATS 15/12/2022 00:40:07 ####################
Partition,C:\
Total size,487.3437 GB
Used size,449.188 GB
Free size,38.1557 GB
Usage,92.2%
---------------
Partition,D:\
Total size,465.5869 GB
Used size,47.8841 GB
Free size,417.7029 GB
Usage,10.3%
---------------
#################### DISK STATS 15/12/2022 00:40:09 ####################
Partition,C:\
Total size,487.3437 GB
Used size,449.188 GB
Free size,38.1557 GB
Usage,92.2%
---------------
Partition,D:\
Total size,465.5869 GB
Used size,47.8841 GB
Free size,417.7029 GB
Usage,10.3%
---------------
#################### DISK STATS 15/12/2022 00:40:10 ####################
Partition,C:\
Total size,487.3437 GB
Used size,449.188 GB
Free size,38.1557 GB
Usage,92.2%
---------------
Partition,D:\
Total size,465.5869 GB
Used size,47.8841 GB
Free size,417.7029 GB
Usage,10.3%
---------------
#################### DISK STATS 15/12/2022 00:40:11 ####################
Partition,C:\
Total size,487.3437 GB
Used size,449.188 GB
Free size,38.1557 GB
Usage,92.2%
---------------
Partition,D:\
Total size,465.5869 GB
Used size,47.8841 GB
Free size,417.7029 GB
Usage,10.3%
---------------
#################### DISK STATS 15/12/2022 00:40:13 ####################
Partition,C:\
Total size,487.3437 GB
Used size,449.188 GB
Free size,38.1557 GB
Usage,92.2%
---------------
Partition,D:\
Total size,465.5869 GB
Used size,47.8841 GB
Free size,417.7029 GB
Usage,10.3%
---------------
#################### DISK STATS 15/12/2022 00:40:14 ####################
Partition,C:\
Total size,487.3437 GB
Used size,449.188 GB
Free size,38.1557 GB
Usage,92.2%
---------------
Partition,D:\
Total size,465.5869 GB
Used size,47.8841 GB
Free size,417.7029 GB
Usage,10.3%
---------------
#################### DISK STATS 15/12/2022 00:40:15 ####################
Partition,C:\
Total size,487.3437 GB
Used size,449.188 GB
Free size,38.1557 GB
Usage,92.2%
---------------
Partition,D:\
Total size,465.5869 GB
Used size,47.8841 GB
Free size,417.7029 GB
Usage,10.3%
---------------
#################### DISK STATS 15/12/2022 00:40:16 ####################
Partition,C:\
Total size,487.3437 GB
Used size,449.188 GB
Free size,38.1557 GB
Usage,92.2%
---------------
Partition,D:\
Total size,465.5869 GB
Used size,47.8841 GB
Free size,417.7029 GB
Usage,10.3%
---------------
#################### DISK STATS 15/12/2022 00:40:18 ####################
Partition,C:\
Total size,487.3437 GB
Used size,449.1879 GB
Free size,38.1558 GB
Usage,92.2%
---------------
Partition,D:\
Total size,465.5869 GB
Used size,47.8841 GB
Free size,417.7029 GB
Usage,10.3%
---------------
#################### DISK STATS 15/12/2022 00:40:19 ####################
Partition,C:\
Total size,487.3437 GB
Used size,449.1879 GB
Free size,38.1558 GB
Usage,92.2%
---------------
Partition,D:\
Total size,465.5869 GB
Used size,47.8841 GB
Free size,417.7029 GB
Usage,10.3%
---------------
#################### DISK STATS 15/12/2022 00:40:20 ####################
Partition,C:\
Total size,487.3437 GB
Used size,449.1879 GB
Free size,38.1558 GB
Usage,92.2%
---------------
Partition,D:\
Total size,465.5869 GB
Used size,47.8841 GB
Free size,417.7029 GB
Usage,10.3%
---------------
#################### DISK STATS 15/12/2022 00:40:21 ####################
Partition,C:\
Total size,487.3437 GB
Used size,449.1879 GB
Free size,38.1558 GB
Usage,92.2%
---------------
Partition,D:\
Total size,465.5869 GB
Used size,47.8841 GB
Free size,417.7029 GB
Usage,10.3%
---------------
#################### DISK STATS 15/12/2022 00:40:23 ####################
Partition,C:\
Total size,487.3437 GB
Used size,449.188 GB
Free size,38.1557 GB
Usage,92.2%
---------------
Partition,D:\
Total size,465.5869 GB
Used size,47.8841 GB
Free size,417.7029 GB
Usage,10.3%
---------------
#################### DISK STATS 15/12/2022 00:40:24 ####################
Partition,C:\
Total size,487.3437 GB
Used size,449.188 GB
Free size,38.1557 GB
Usage,92.2%
---------------
Partition,D:\
Total size,465.5869 GB
Used size,47.8841 GB
Free size,417.7029 GB
Usage,10.3%
---------------
#################### DISK STATS 15/12/2022 00:40:25 ####################
Partition,C:\
Total size,487.3437 GB
Used size,449.188 GB
Free size,38.1557 GB
Usage,92.2%
---------------
Partition,D:\
Total size,465.5869 GB
Used size,47.8841 GB
Free size,417.7029 GB
Usage,10.3%
---------------
#################### DISK STATS 15/12/2022 00:40:26 ####################
Partition,C:\
Total size,487.3437 GB
Used size,449.188 GB
Free size,38.1557 GB
Usage,92.2%
---------------
Partition,D:\
Total size,465.5869 GB
Used size,47.8841 GB
Free size,417.7029 GB
Usage,10.3%
---------------
#################### DISK STATS 15/12/2022 00:40:28 ####################
Partition,C:\
Total size,487.3437 GB
Used size,449.188 GB
Free size,38.1556 GB
Usage,92.2%
---------------
Partition,D:\
Total size,465.5869 GB
Used size,47.8841 GB
Free size,417.7029 GB
Usage,10.3%
---------------
#################### DISK STATS 15/12/2022 00:40:29 ####################
Partition,C:\
Total size,487.3437 GB
Used size,449.188 GB
Free size,38.1556 GB
Usage,92.2%
---------------
Partition,D:\
Total size,465.5869 GB
Used size,47.8841 GB
Free size,417.7029 GB
Usage,10.3%
---------------
#################### DISK STATS 15/12/2022 00:40:30 ####################
Partition,C:\
Total size,487.3437 GB
Used size,449.188 GB
Free size,38.1556 GB
Usage,92.2%
---------------
Partition,D:\
Total size,465.5869 GB
Used size,47.8841 GB
Free size,417.7029 GB
Usage,10.3%
---------------
#################### DISK STATS 15/12/2022 00:40:31 ####################
Partition,C:\
Total size,487.3437 GB
Used size,449.188 GB
Free size,38.1556 GB
Usage,92.2%
---------------
Partition,D:\
Total size,465.5869 GB
Used size,47.8841 GB
Free size,417.7029 GB
Usage,10.3%
---------------
#################### DISK STATS 15/12/2022 00:40:33 ####################
Partition,C:\
Total size,487.3437 GB
Used size,449.188 GB
Free size,38.1556 GB
Usage,92.2%
---------------
Partition,D:\
Total size,465.5869 GB
Used size,47.8841 GB
Free size,417.7029 GB
Usage,10.3%
---------------
#################### DISK STATS 15/12/2022 00:40:34 ####################
Partition,C:\
Total size,487.3437 GB
Used size,449.188 GB
Free size,38.1556 GB
Usage,92.2%
---------------
Partition,D:\
Total size,465.5869 GB
Used size,47.8841 GB
Free size,417.7029 GB
Usage,10.3%
---------------
#################### DISK STATS 15/12/2022 00:40:35 ####################
Partition,C:\
Total size,487.3437 GB
Used size,449.188 GB
Free size,38.1556 GB
Usage,92.2%
---------------
Partition,D:\
Total size,465.5869 GB
Used size,47.8841 GB
Free size,417.7029 GB
Usage,10.3%
---------------
#################### DISK STATS 15/12/2022 00:40:36 ####################
Partition,C:\
Total size,487.3437 GB
Used size,449.188 GB
Free size,38.1556 GB
Usage,92.2%
---------------
Partition,D:\
Total size,465.5869 GB
Used size,47.8841 GB
Free size,417.7029 GB
Usage,10.3%
---------------
#################### DISK STATS 15/12/2022 00:40:38 ####################
Partition,C:\
Total size,487.3437 GB
Used size,449.188 GB
Free size,38.1556 GB
Usage,92.2%
---------------
Partition,D:\
Total size,465.5869 GB
Used size,47.8841 GB
Free size,417.7029 GB
Usage,10.3%
---------------
#################### DISK STATS 15/12/2022 00:40:39 ####################
Partition,C:\
Total size,487.3437 GB
Used size,449.1881 GB
Free size,38.1555 GB
Usage,92.2%
---------------
Partition,D:\
Total size,465.5869 GB
Used size,47.8841 GB
Free size,417.7029 GB
Usage,10.3%
---------------
#################### DISK STATS 15/12/2022 00:40:40 ####################
Partition,C:\
Total size,487.3437 GB
Used size,449.1882 GB
Free size,38.1555 GB
Usage,92.2%
---------------
Partition,D:\
Total size,465.5869 GB
Used size,47.8841 GB
Free size,417.7029 GB
Usage,10.3%
---------------
#################### DISK STATS 15/12/2022 00:40:42 ####################
Partition,C:\
Total size,487.3437 GB
Used size,449.1882 GB
Free size,38.1555 GB
Usage,92.2%
---------------
Partition,D:\
Total size,465.5869 GB
Used size,47.8841 GB
Free size,417.7029 GB
Usage,10.3%
---------------
#################### DISK STATS 15/12/2022 00:40:43 ####################
Partition,C:\
Total size,487.3437 GB
Used size,449.1882 GB
Free size,38.1555 GB
Usage,92.2%
---------------
Partition,D:\
Total size,465.5869 GB
Used size,47.8841 GB
Free size,417.7029 GB
Usage,10.3%
---------------
#################### DISK STATS 15/12/2022 00:40:48 ####################
Partition,C:\
Total size,487.3437 GB
Used size,449.1883 GB
Free size,38.1553 GB
Usage,92.2%
---------------
Partition,D:\
Total size,465.5869 GB
Used size,47.8841 GB
Free size,417.7029 GB
Usage,10.3%
---------------
#################### DISK STATS 15/12/2022 00:40:49 ####################
Partition,C:\
Total size,487.3437 GB
Used size,449.1883 GB
Free size,38.1553 GB
Usage,92.2%
---------------
Partition,D:\
Total size,465.5869 GB
Used size,47.8841 GB
Free size,417.7029 GB
Usage,10.3%
---------------
#################### DISK STATS 15/12/2022 00:40:50 ####################
Partition,C:\
Total size,487.3437 GB
Used size,449.1883 GB
Free size,38.1553 GB
Usage,92.2%
---------------
Partition,D:\
Total size,465.5869 GB
Used size,47.8841 GB
Free size,417.7029 GB
Usage,10.3%
---------------
#################### DISK STATS 15/12/2022 00:40:52 ####################
Partition,C:\
Total size,487.3437 GB
Used size,449.1883 GB
Free size,38.1554 GB
Usage,92.2%
---------------
Partition,D:\
Total size,465.5869 GB
Used size,47.8841 GB
Free size,417.7029 GB
Usage,10.3%
---------------
#################### DISK STATS 15/12/2022 00:40:53 ####################
Partition,C:\
Total size,487.3437 GB
Used size,449.1883 GB
Free size,38.1554 GB
Usage,92.2%
---------------
Partition,D:\
Total size,465.5869 GB
Used size,47.8841 GB
Free size,417.7029 GB
Usage,10.3%
---------------
#################### DISK STATS 15/12/2022 00:40:54 ####################
Partition,C:\
Total size,487.3437 GB
Used size,449.1883 GB
Free size,38.1554 GB
Usage,92.2%
---------------
Partition,D:\
Total size,465.5869 GB
Used size,47.8841 GB
Free size,417.7029 GB
Usage,10.3%
---------------
#################### DISK STATS 15/12/2022 00:40:56 ####################
Partition,C:\
Total size,487.3437 GB
Used size,449.1883 GB
Free size,38.1554 GB
Usage,92.2%
---------------
Partition,D:\
Total size,465.5869 GB
Used size,47.8841 GB
Free size,417.7029 GB
Usage,10.3%
---------------
#################### DISK STATS 15/12/2022 00:40:57 ####################
Partition,C:\
Total size,487.3437 GB
Used size,449.1883 GB
Free size,38.1554 GB
Usage,92.2%
---------------
Partition,D:\
Total size,465.5869 GB
Used size,47.8841 GB
Free size,417.7029 GB
Usage,10.3%
---------------
#################### DISK STATS 15/12/2022 00:40:58 ####################
Partition,C:\
Total size,487.3437 GB
Used size,449.1882 GB
Free size,38.1554 GB
Usage,92.2%
---------------
Partition,D:\
Total size,465.5869 GB
Used size,47.8841 GB
Free size,417.7029 GB
Usage,10.3%
---------------
#################### DISK STATS 15/12/2022 00:40:59 ####################
Partition,C:\
Total size,487.3437 GB
Used size,449.1889 GB
Free size,38.1547 GB
Usage,92.2%
---------------
Partition,D:\
Total size,465.5869 GB
Used size,47.8841 GB
Free size,417.7029 GB
Usage,10.3%
---------------
#################### DISK STATS 15/12/2022 00:41:01 ####################
Partition,C:\
Total size,487.3437 GB
Used size,449.1889 GB
Free size,38.1547 GB
Usage,92.2%
---------------
Partition,D:\
Total size,465.5869 GB
Used size,47.8841 GB
Free size,417.7029 GB
Usage,10.3%
---------------
#################### DISK STATS 15/12/2022 00:41:02 ####################
Partition,C:\
Total size,487.3437 GB
Used size,449.1889 GB
Free size,38.1547 GB
Usage,92.2%
---------------
Partition,D:\
Total size,465.5869 GB
Used size,47.8841 GB
Free size,417.7029 GB
Usage,10.3%
---------------
#################### DISK STATS 15/12/2022 00:41:03 ####################
Partition,C:\
Total size,487.3437 GB
Used size,449.1889 GB
Free size,38.1547 GB
Usage,92.2%
---------------
Partition,D:\
Total size,465.5869 GB
Used size,47.8841 GB
Free size,417.7029 GB
Usage,10.3%
---------------
#################### DISK STATS 15/12/2022 00:41:04 ####################
Partition,C:\
Total size,487.3437 GB
Used size,449.1889 GB
Free size,38.1547 GB
Usage,92.2%
---------------
Partition,D:\
Total size,465.5869 GB
Used size,47.8841 GB
Free size,417.7029 GB
Usage,10.3%
---------------
#################### DISK STATS 15/12/2022 00:41:06 ####################
Partition,C:\
Total size,487.3437 GB
Used size,449.189 GB
Free size,38.1547 GB
Usage,92.2%
---------------
Partition,D:\
Total size,465.5869 GB
Used size,47.8841 GB
Free size,417.7029 GB
Usage,10.3%
---------------
#################### DISK STATS 15/12/2022 00:41:07 ####################
Partition,C:\
Total size,487.3437 GB
Used size,449.189 GB
Free size,38.1547 GB
Usage,92.2%
---------------
Partition,D:\
Total size,465.5869 GB
Used size,47.8841 GB
Free size,417.7029 GB
Usage,10.3%
---------------
#################### DISK STATS 15/12/2022 00:41:08 ####################
Partition,C:\
Total size,487.3437 GB
Used size,449.189 GB
Free size,38.1547 GB
Usage,92.2%
---------------
Partition,D:\
Total size,465.5869 GB
Used size,47.8841 GB
Free size,417.7029 GB
Usage,10.3%
---------------
#################### DISK STATS 15/12/2022 00:41:09 ####################
Partition,C:\
Total size,487.3437 GB
Used size,449.189 GB
Free size,38.1547 GB
Usage,92.2%
---------------
Partition,D:\
Total size,465.5869 GB
Used size,47.8841 GB
Free size,417.7029 GB
Usage,10.3%
---------------
#################### DISK STATS 15/12/2022 00:41:11 ####################
Partition,C:\
Total size,487.3437 GB
Used size,449.189 GB
Free size,38.1547 GB
Usage,92.2%
---------------
Partition,D:\
Total size,465.5869 GB
Used size,47.8841 GB
Free size,417.7029 GB
Usage,10.3%
---------------
#################### DISK STATS 15/12/2022 00:41:12 ####################
Partition,C:\
Total size,487.3437 GB
Used size,449.189 GB
Free size,38.1547 GB
Usage,92.2%
---------------
Partition,D:\
Total size,465.5869 GB
Used size,47.8841 GB
Free size,417.7029 GB
Usage,10.3%
---------------
#################### DISK STATS 15/12/2022 00:41:13 ####################
Partition,C:\
Total size,487.3437 GB
Used size,449.189 GB
Free size,38.1547 GB
Usage,92.2%
---------------
Partition,D:\
Total size,465.5869 GB
Used size,47.8841 GB
Free size,417.7029 GB
Usage,10.3%
---------------
#################### DISK STATS 15/12/2022 00:41:15 ####################
Partition,C:\
Total size,487.3437 GB
Used size,449.189 GB
Free size,38.1547 GB
Usage,92.2%
---------------
Partition,D:\
Total size,465.5869 GB
Used size,47.8841 GB
Free size,417.7029 GB
Usage,10.3%
---------------
#################### DISK STATS 15/12/2022 00:41:16 ####################
Partition,C:\
Total size,487.3437 GB
Used size,449.189 GB
Free size,38.1547 GB
Usage,92.2%
---------------
Partition,D:\
Total size,465.5869 GB
Used size,47.8841 GB
Free size,417.7029 GB
Usage,10.3%
---------------
#################### DISK STATS 15/12/2022 00:41:17 ####################
Partition,C:\
Total size,487.3437 GB
Used size,449.189 GB
Free size,38.1547 GB
Usage,92.2%
---------------
Partition,D:\
Total size,465.5869 GB
Used size,47.8841 GB
Free size,417.7029 GB
Usage,10.3%
---------------
#################### DISK STATS 15/12/2022 00:41:18 ####################
Partition,C:\
Total size,487.3437 GB
Used size,449.189 GB
Free size,38.1547 GB
Usage,92.2%
---------------
Partition,D:\
Total size,465.5869 GB
Used size,47.8841 GB
Free size,417.7029 GB
Usage,10.3%
---------------
#################### DISK STATS 15/12/2022 00:41:20 ####################
Partition,C:\
Total size,487.3437 GB
Used size,449.189 GB
Free size,38.1547 GB
Usage,92.2%
---------------
Partition,D:\
Total size,465.5869 GB
Used size,47.8841 GB
Free size,417.7029 GB
Usage,10.3%
---------------
#################### DISK STATS 15/12/2022 00:41:21 ####################
Partition,C:\
Total size,487.3437 GB
Used size,449.189 GB
Free size,38.1547 GB
Usage,92.2%
---------------
Partition,D:\
Total size,465.5869 GB
Used size,47.8841 GB
Free size,417.7029 GB
Usage,10.3%
---------------
#################### DISK STATS 15/12/2022 00:41:22 ####################
Partition,C:\
Total size,487.3437 GB
Used size,449.189 GB
Free size,38.1547 GB
Usage,92.2%
---------------
Partition,D:\
Total size,465.5869 GB
Used size,47.8841 GB
Free size,417.7029 GB
Usage,10.3%
---------------
#################### DISK STATS 15/12/2022 00:41:23 ####################
Partition,C:\
Total size,487.3437 GB
Used size,449.189 GB
Free size,38.1547 GB
Usage,92.2%
---------------
Partition,D:\
Total size,465.5869 GB
Used size,47.8841 GB
Free size,417.7029 GB
Usage,10.3%
---------------
#################### DISK STATS 15/12/2022 00:41:25 ####################
Partition,C:\
Total size,487.3437 GB
Used size,449.189 GB
Free size,38.1547 GB
Usage,92.2%
---------------
Partition,D:\
Total size,465.5869 GB
Used size,47.8841 GB
Free size,417.7029 GB
Usage,10.3%
---------------
#################### DISK STATS 15/12/2022 00:41:26 ####################
Partition,C:\
Total size,487.3437 GB
Used size,449.189 GB
Free size,38.1547 GB
Usage,92.2%
---------------
Partition,D:\
Total size,465.5869 GB
Used size,47.8841 GB
Free size,417.7029 GB
Usage,10.3%
---------------
#################### DISK STATS 15/12/2022 00:41:27 ####################
Partition,C:\
Total size,487.3437 GB
Used size,449.189 GB
Free size,38.1547 GB
Usage,92.2%
---------------
Partition,D:\
Total size,465.5869 GB
Used size,47.8841 GB
Free size,417.7029 GB
Usage,10.3%
---------------
#################### DISK STATS 15/12/2022 00:41:29 ####################
Partition,C:\
Total size,487.3437 GB
Used size,449.189 GB
Free size,38.1547 GB
Usage,92.2%
---------------
Partition,D:\
Total size,465.5869 GB
Used size,47.8841 GB
Free size,417.7029 GB
Usage,10.3%
---------------
#################### DISK STATS 15/12/2022 00:41:30 ####################
Partition,C:\
Total size,487.3437 GB
Used size,449.1889 GB
Free size,38.1547 GB
Usage,92.2%
---------------
Partition,D:\
Total size,465.5869 GB
Used size,47.8841 GB
Free size,417.7029 GB
Usage,10.3%
---------------
#################### DISK STATS 15/12/2022 00:41:31 ####################
Partition,C:\
Total size,487.3437 GB
Used size,449.1889 GB
Free size,38.1547 GB
Usage,92.2%
---------------
Partition,D:\
Total size,465.5869 GB
Used size,47.8841 GB
Free size,417.7029 GB
Usage,10.3%
---------------
#################### DISK STATS 15/12/2022 00:41:32 ####################
Partition,C:\
Total size,487.3437 GB
Used size,449.1889 GB
Free size,38.1547 GB
Usage,92.2%
---------------
Partition,D:\
Total size,465.5869 GB
Used size,47.8841 GB
Free size,417.7029 GB
Usage,10.3%
---------------
#################### DISK STATS 15/12/2022 00:41:34 ####################
Partition,C:\
Total size,487.3437 GB
Used size,449.1889 GB
Free size,38.1547 GB
Usage,92.2%
---------------
Partition,D:\
Total size,465.5869 GB
Used size,47.8841 GB
Free size,417.7029 GB
Usage,10.3%
---------------
#################### DISK STATS 15/12/2022 00:41:35 ####################
Partition,C:\
Total size,487.3437 GB
Used size,449.1889 GB
Free size,38.1547 GB
Usage,92.2%
---------------
Partition,D:\
Total size,465.5869 GB
Used size,47.8841 GB
Free size,417.7029 GB
Usage,10.3%
---------------
#################### DISK STATS 15/12/2022 00:41:36 ####################
Partition,C:\
Total size,487.3437 GB
Used size,449.1889 GB
Free size,38.1548 GB
Usage,92.2%
---------------
Partition,D:\
Total size,465.5869 GB
Used size,47.8841 GB
Free size,417.7029 GB
Usage,10.3%
---------------
#################### DISK STATS 15/12/2022 00:41:37 ####################
Partition,C:\
Total size,487.3437 GB
Used size,449.1889 GB
Free size,38.1548 GB
Usage,92.2%
---------------
Partition,D:\
Total size,465.5869 GB
Used size,47.8841 GB
Free size,417.7029 GB
Usage,10.3%
---------------
#################### DISK STATS 15/12/2022 00:41:39 ####################
Partition,C:\
Total size,487.3437 GB
Used size,449.1889 GB
Free size,38.1548 GB
Usage,92.2%
---------------
Partition,D:\
Total size,465.5869 GB
Used size,47.8841 GB
Free size,417.7029 GB
Usage,10.3%
---------------
#################### DISK STATS 15/12/2022 00:41:40 ####################
Partition,C:\
Total size,487.3437 GB
Used size,449.189 GB
Free size,38.1547 GB
Usage,92.2%
---------------
Partition,D:\
Total size,465.5869 GB
Used size,47.8841 GB
Free size,417.7029 GB
Usage,10.3%
---------------
#################### DISK STATS 15/12/2022 00:41:41 ####################
Partition,C:\
Total size,487.3437 GB
Used size,449.1891 GB
Free size,38.1546 GB
Usage,92.2%
---------------
Partition,D:\
Total size,465.5869 GB
Used size,47.8841 GB
Free size,417.7029 GB
Usage,10.3%
---------------
#################### DISK STATS 15/12/2022 00:41:42 ####################
Partition,C:\
Total size,487.3437 GB
Used size,449.1891 GB
Free size,38.1546 GB
Usage,92.2%
---------------
Partition,D:\
Total size,465.5869 GB
Used size,47.8841 GB
Free size,417.7029 GB
Usage,10.3%
---------------
#################### DISK STATS 15/12/2022 00:41:44 ####################
Partition,C:\
Total size,487.3437 GB
Used size,449.1891 GB
Free size,38.1546 GB
Usage,92.2%
---------------
Partition,D:\
Total size,465.5869 GB
Used size,47.8841 GB
Free size,417.7029 GB
Usage,10.3%
---------------
#################### DISK STATS 15/12/2022 00:41:45 ####################
Partition,C:\
Total size,487.3437 GB
Used size,449.1891 GB
Free size,38.1546 GB
Usage,92.2%
---------------
Partition,D:\
Total size,465.5869 GB
Used size,47.8841 GB
Free size,417.7029 GB
Usage,10.3%
---------------
#################### DISK STATS 15/12/2022 00:41:46 ####################
Partition,C:\
Total size,487.3437 GB
Used size,449.1891 GB
Free size,38.1546 GB
Usage,92.2%
---------------
Partition,D:\
Total size,465.5869 GB
Used size,47.8841 GB
Free size,417.7029 GB
Usage,10.3%
---------------
#################### DISK STATS 15/12/2022 00:41:47 ####################
Partition,C:\
Total size,487.3437 GB
Used size,449.1892 GB
Free size,38.1545 GB
Usage,92.2%
---------------
Partition,D:\
Total size,465.5869 GB
Used size,47.8841 GB
Free size,417.7029 GB
Usage,10.3%
---------------
#################### DISK STATS 15/12/2022 00:41:49 ####################
Partition,C:\
Total size,487.3437 GB
Used size,449.1892 GB
Free size,38.1545 GB
Usage,92.2%
---------------
Partition,D:\
Total size,465.5869 GB
Used size,47.8841 GB
Free size,417.7029 GB
Usage,10.3%
---------------
#################### DISK STATS 15/12/2022 00:41:50 ####################
Partition,C:\
Total size,487.3437 GB
Used size,449.1892 GB
Free size,38.1545 GB
Usage,92.2%
---------------
Partition,D:\
Total size,465.5869 GB
Used size,47.8841 GB
Free size,417.7029 GB
Usage,10.3%
---------------
#################### DISK STATS 15/12/2022 00:41:51 ####################
Partition,C:\
Total size,487.3437 GB
Used size,449.1892 GB
Free size,38.1545 GB
Usage,92.2%
---------------
Partition,D:\
Total size,465.5869 GB
Used size,47.8841 GB
Free size,417.7029 GB
Usage,10.3%
---------------
#################### DISK STATS 15/12/2022 00:41:53 ####################
Partition,C:\
Total size,487.3437 GB
Used size,449.1892 GB
Free size,38.1545 GB
Usage,92.2%
---------------
Partition,D:\
Total size,465.5869 GB
Used size,47.8841 GB
Free size,417.7029 GB
Usage,10.3%
---------------
#################### DISK STATS 15/12/2022 00:41:54 ####################
Partition,C:\
Total size,487.3437 GB
Used size,449.1892 GB
Free size,38.1545 GB
Usage,92.2%
---------------
Partition,D:\
Total size,465.5869 GB
Used size,47.8841 GB
Free size,417.7029 GB
Usage,10.3%
---------------
#################### DISK STATS 15/12/2022 00:41:55 ####################
Partition,C:\
Total size,487.3437 GB
Used size,449.1892 GB
Free size,38.1544 GB
Usage,92.2%
---------------
Partition,D:\
Total size,465.5869 GB
Used size,47.8841 GB
Free size,417.7029 GB
Usage,10.3%
---------------
#################### DISK STATS 15/12/2022 00:41:56 ####################
Partition,C:\
Total size,487.3437 GB
Used size,449.1892 GB
Free size,38.1544 GB
Usage,92.2%
---------------
Partition,D:\
Total size,465.5869 GB
Used size,47.8841 GB
Free size,417.7029 GB
Usage,10.3%
---------------
#################### DISK STATS 15/12/2022 00:41:58 ####################
Partition,C:\
Total size,487.3437 GB
Used size,449.1892 GB
Free size,38.1544 GB
Usage,92.2%
---------------
Partition,D:\
Total size,465.5869 GB
Used size,47.8841 GB
Free size,417.7029 GB
Usage,10.3%
---------------
#################### DISK STATS 15/12/2022 00:41:59 ####################
Partition,C:\
Total size,487.3437 GB
Used size,449.1892 GB
Free size,38.1544 GB
Usage,92.2%
---------------
Partition,D:\
Total size,465.5869 GB
Used size,47.8841 GB
Free size,417.7029 GB
Usage,10.3%
---------------
#################### DISK STATS 15/12/2022 00:42:00 ####################
Partition,C:\
Total size,487.3437 GB
Used size,449.1892 GB
Free size,38.1544 GB
Usage,92.2%
---------------
Partition,D:\
Total size,465.5869 GB
Used size,47.8841 GB
Free size,417.7029 GB
Usage,10.3%
---------------
#################### DISK STATS 15/12/2022 00:42:01 ####################
Partition,C:\
Total size,487.3437 GB
Used size,449.1892 GB
Free size,38.1544 GB
Usage,92.2%
---------------
Partition,D:\
Total size,465.5869 GB
Used size,47.8841 GB
Free size,417.7029 GB
Usage,10.3%
---------------
#################### DISK STATS 15/12/2022 00:42:03 ####################
Partition,C:\
Total size,487.3437 GB
Used size,449.1892 GB
Free size,38.1544 GB
Usage,92.2%
---------------
Partition,D:\
Total size,465.5869 GB
Used size,47.8841 GB
Free size,417.7029 GB
Usage,10.3%
---------------
#################### DISK STATS 15/12/2022 00:42:04 ####################
Partition,C:\
Total size,487.3437 GB
Used size,449.1892 GB
Free size,38.1544 GB
Usage,92.2%
---------------
Partition,D:\
Total size,465.5869 GB
Used size,47.8841 GB
Free size,417.7029 GB
Usage,10.3%
---------------
#################### DISK STATS 15/12/2022 00:42:05 ####################
Partition,C:\
Total size,487.3437 GB
Used size,449.1892 GB
Free size,38.1544 GB
Usage,92.2%
---------------
Partition,D:\
Total size,465.5869 GB
Used size,47.8841 GB
Free size,417.7029 GB
Usage,10.3%
---------------
#################### DISK STATS 15/12/2022 00:42:06 ####################
Partition,C:\
Total size,487.3437 GB
Used size,449.1892 GB
Free size,38.1544 GB
Usage,92.2%
---------------
Partition,D:\
Total size,465.5869 GB
Used size,47.8841 GB
Free size,417.7029 GB
Usage,10.3%
---------------
#################### DISK STATS 15/12/2022 00:42:08 ####################
Partition,C:\
Total size,487.3437 GB
Used size,449.1892 GB
Free size,38.1544 GB
Usage,92.2%
---------------
Partition,D:\
Total size,465.5869 GB
Used size,47.8841 GB
Free size,417.7029 GB
Usage,10.3%
---------------
#################### DISK STATS 15/12/2022 00:42:09 ####################
Partition,C:\
Total size,487.3437 GB
Used size,449.1892 GB
Free size,38.1544 GB
Usage,92.2%
---------------
Partition,D:\
Total size,465.5869 GB
Used size,47.8841 GB
Free size,417.7029 GB
Usage,10.3%
---------------
#################### DISK STATS 15/12/2022 00:42:10 ####################
Partition,C:\
Total size,487.3437 GB
Used size,449.1892 GB
Free size,38.1544 GB
Usage,92.2%
---------------
Partition,D:\
Total size,465.5869 GB
Used size,47.8841 GB
Free size,417.7029 GB
Usage,10.3%
---------------
#################### DISK STATS 15/12/2022 00:42:11 ####################
Partition,C:\
Total size,487.3437 GB
Used size,449.1892 GB
Free size,38.1544 GB
Usage,92.2%
---------------
Partition,D:\
Total size,465.5869 GB
Used size,47.8841 GB
Free size,417.7029 GB
Usage,10.3%
---------------
#################### DISK STATS 15/12/2022 00:42:13 ####################
Partition,C:\
Total size,487.3437 GB
Used size,449.1892 GB
Free size,38.1544 GB
Usage,92.2%
---------------
Partition,D:\
Total size,465.5869 GB
Used size,47.8841 GB
Free size,417.7029 GB
Usage,10.3%
---------------
#################### DISK STATS 15/12/2022 00:42:14 ####################
Partition,C:\
Total size,487.3437 GB
Used size,449.1893 GB
Free size,38.1544 GB
Usage,92.2%
---------------
Partition,D:\
Total size,465.5869 GB
Used size,47.8841 GB
Free size,417.7029 GB
Usage,10.3%
---------------
#################### DISK STATS 15/12/2022 00:42:15 ####################
Partition,C:\
Total size,487.3437 GB
Used size,449.1893 GB
Free size,38.1544 GB
Usage,92.2%
---------------
Partition,D:\
Total size,465.5869 GB
Used size,47.8841 GB
Free size,417.7029 GB
Usage,10.3%
---------------
#################### DISK STATS 15/12/2022 00:42:16 ####################
Partition,C:\
Total size,487.3437 GB
Used size,449.1893 GB
Free size,38.1544 GB
Usage,92.2%
---------------
Partition,D:\
Total size,465.5869 GB
Used size,47.8841 GB
Free size,417.7029 GB
Usage,10.3%
---------------
#################### DISK STATS 15/12/2022 00:42:18 ####################
Partition,C:\
Total size,487.3437 GB
Used size,449.1892 GB
Free size,38.1545 GB
Usage,92.2%
---------------
Partition,D:\
Total size,465.5869 GB
Used size,47.8841 GB
Free size,417.7029 GB
Usage,10.3%
---------------
#################### DISK STATS 15/12/2022 00:42:19 ####################
Partition,C:\
Total size,487.3437 GB
Used size,449.1892 GB
Free size,38.1545 GB
Usage,92.2%
---------------
Partition,D:\
Total size,465.5869 GB
Used size,47.8841 GB
Free size,417.7029 GB
Usage,10.3%
---------------
#################### DISK STATS 15/12/2022 00:42:20 ####################
Partition,C:\
Total size,487.3437 GB
Used size,449.1892 GB
Free size,38.1545 GB
Usage,92.2%
---------------
Partition,D:\
Total size,465.5869 GB
Used size,47.8841 GB
Free size,417.7029 GB
Usage,10.3%
---------------
#################### DISK STATS 15/12/2022 00:42:21 ####################
Partition,C:\
Total size,487.3437 GB
Used size,449.1892 GB
Free size,38.1545 GB
Usage,92.2%
---------------
Partition,D:\
Total size,465.5869 GB
Used size,47.8841 GB
Free size,417.7029 GB
Usage,10.3%
---------------
#################### DISK STATS 15/12/2022 00:42:23 ####################
Partition,C:\
Total size,487.3437 GB
Used size,449.1892 GB
Free size,38.1545 GB
Usage,92.2%
---------------
Partition,D:\
Total size,465.5869 GB
Used size,47.8841 GB
Free size,417.7029 GB
Usage,10.3%
---------------
#################### DISK STATS 15/12/2022 00:42:24 ####################
Partition,C:\
Total size,487.3437 GB
Used size,449.1892 GB
Free size,38.1545 GB
Usage,92.2%
---------------
Partition,D:\
Total size,465.5869 GB
Used size,47.8841 GB
Free size,417.7029 GB
Usage,10.3%
---------------
#################### DISK STATS 15/12/2022 00:42:25 ####################
Partition,C:\
Total size,487.3437 GB
Used size,449.1891 GB
Free size,38.1545 GB
Usage,92.2%
---------------
Partition,D:\
Total size,465.5869 GB
Used size,47.8841 GB
Free size,417.7029 GB
Usage,10.3%
---------------
#################### DISK STATS 15/12/2022 00:42:27 ####################
Partition,C:\
Total size,487.3437 GB
Used size,449.1891 GB
Free size,38.1545 GB
Usage,92.2%
---------------
Partition,D:\
Total size,465.5869 GB
Used size,47.8841 GB
Free size,417.7029 GB
Usage,10.3%
---------------
