deleted memory stats,12-12-2022_20:28:26
#################### MEMORY STATS 12/12/2022 20:26:50 ####################
Total memory,15.87 GB
Available memory,3.76 GB
In use memory,12.11 GB
Memory usage,3.76%
#################### MEMORY STATS 12/12/2022 20:26:51 ####################
Total memory,15.87 GB
Available memory,3.76 GB
In use memory,12.11 GB
Memory usage,3.76%
#################### MEMORY STATS 12/12/2022 20:26:52 ####################
Total memory,15.87 GB
Available memory,3.76 GB
In use memory,12.11 GB
Memory usage,3.76%
#################### MEMORY STATS 12/12/2022 20:26:54 ####################
Total memory,15.87 GB
Available memory,3.77 GB
In use memory,12.1 GB
Memory usage,3.77%
#################### MEMORY STATS 12/12/2022 20:26:55 ####################
Total memory,15.87 GB
Available memory,3.77 GB
In use memory,12.1 GB
Memory usage,3.77%
#################### MEMORY STATS 12/12/2022 20:26:56 ####################
Total memory,15.87 GB
Available memory,3.79 GB
In use memory,12.08 GB
Memory usage,3.79%
#################### MEMORY STATS 12/12/2022 20:26:57 ####################
Total memory,15.87 GB
Available memory,3.79 GB
In use memory,12.08 GB
Memory usage,3.79%
#################### MEMORY STATS 12/12/2022 20:26:59 ####################
Total memory,15.87 GB
Available memory,3.79 GB
In use memory,12.08 GB
Memory usage,3.79%
#################### MEMORY STATS 12/12/2022 20:27:00 ####################
Total memory,15.87 GB
Available memory,3.79 GB
In use memory,12.08 GB
Memory usage,3.79%
#################### MEMORY STATS 12/12/2022 20:27:01 ####################
Total memory,15.87 GB
Available memory,3.78 GB
In use memory,12.09 GB
Memory usage,3.78%
#################### MEMORY STATS 12/12/2022 20:27:03 ####################
Total memory,15.87 GB
Available memory,3.79 GB
In use memory,12.08 GB
Memory usage,3.79%
#################### MEMORY STATS 12/12/2022 20:27:04 ####################
Total memory,15.87 GB
Available memory,3.79 GB
In use memory,12.08 GB
Memory usage,3.79%
#################### MEMORY STATS 12/12/2022 20:27:05 ####################
Total memory,15.87 GB
Available memory,3.78 GB
In use memory,12.09 GB
Memory usage,3.78%
#################### MEMORY STATS 12/12/2022 20:27:06 ####################
Total memory,15.87 GB
Available memory,3.79 GB
In use memory,12.09 GB
Memory usage,3.79%
#################### MEMORY STATS 12/12/2022 20:27:08 ####################
Total memory,15.87 GB
Available memory,3.79 GB
In use memory,12.08 GB
Memory usage,3.79%
#################### MEMORY STATS 12/12/2022 20:27:09 ####################
Total memory,15.87 GB
Available memory,3.79 GB
In use memory,12.08 GB
Memory usage,3.79%
#################### MEMORY STATS 12/12/2022 20:27:10 ####################
Total memory,15.87 GB
Available memory,3.79 GB
In use memory,12.09 GB
Memory usage,3.79%
#################### MEMORY STATS 12/12/2022 20:27:11 ####################
Total memory,15.87 GB
Available memory,3.79 GB
In use memory,12.08 GB
Memory usage,3.79%
#################### MEMORY STATS 12/12/2022 20:27:13 ####################
Total memory,15.87 GB
Available memory,3.79 GB
In use memory,12.08 GB
Memory usage,3.79%
#################### MEMORY STATS 12/12/2022 20:27:14 ####################
Total memory,15.87 GB
Available memory,3.79 GB
In use memory,12.08 GB
Memory usage,3.79%
#################### MEMORY STATS 12/12/2022 20:27:15 ####################
Total memory,15.87 GB
Available memory,3.79 GB
In use memory,12.08 GB
Memory usage,3.79%
#################### MEMORY STATS 12/12/2022 20:27:17 ####################
Total memory,15.87 GB
Available memory,3.79 GB
In use memory,12.08 GB
Memory usage,3.79%
#################### MEMORY STATS 12/12/2022 20:27:18 ####################
Total memory,15.87 GB
Available memory,3.79 GB
In use memory,12.08 GB
Memory usage,3.79%
#################### MEMORY STATS 12/12/2022 20:27:19 ####################
Total memory,15.87 GB
Available memory,3.79 GB
In use memory,12.08 GB
Memory usage,3.79%
#################### MEMORY STATS 12/12/2022 20:27:20 ####################
Total memory,15.87 GB
Available memory,3.79 GB
In use memory,12.08 GB
Memory usage,3.79%
#################### MEMORY STATS 12/12/2022 20:27:22 ####################
Total memory,15.87 GB
Available memory,3.79 GB
In use memory,12.08 GB
Memory usage,3.79%
#################### MEMORY STATS 12/12/2022 20:27:23 ####################
Total memory,15.87 GB
Available memory,3.79 GB
In use memory,12.08 GB
Memory usage,3.79%
#################### MEMORY STATS 12/12/2022 20:27:24 ####################
Total memory,15.87 GB
Available memory,3.79 GB
In use memory,12.08 GB
Memory usage,3.79%
#################### MEMORY STATS 12/12/2022 20:27:25 ####################
Total memory,15.87 GB
Available memory,3.79 GB
In use memory,12.08 GB
Memory usage,3.79%
#################### MEMORY STATS 12/12/2022 20:27:27 ####################
Total memory,15.87 GB
Available memory,3.79 GB
In use memory,12.08 GB
Memory usage,3.79%
#################### MEMORY STATS 12/12/2022 20:27:28 ####################
Total memory,15.87 GB
Available memory,3.79 GB
In use memory,12.08 GB
Memory usage,3.79%
#################### MEMORY STATS 12/12/2022 20:27:29 ####################
Total memory,15.87 GB
Available memory,3.79 GB
In use memory,12.08 GB
Memory usage,3.79%
#################### MEMORY STATS 12/12/2022 20:27:30 ####################
Total memory,15.87 GB
Available memory,3.79 GB
In use memory,12.08 GB
Memory usage,3.79%
#################### MEMORY STATS 12/12/2022 20:27:32 ####################
Total memory,15.87 GB
Available memory,3.79 GB
In use memory,12.08 GB
Memory usage,3.79%
#################### MEMORY STATS 12/12/2022 20:27:33 ####################
Total memory,15.87 GB
Available memory,3.79 GB
In use memory,12.08 GB
Memory usage,3.79%
#################### MEMORY STATS 12/12/2022 20:27:34 ####################
Total memory,15.87 GB
Available memory,3.79 GB
In use memory,12.08 GB
Memory usage,3.79%
#################### MEMORY STATS 12/12/2022 20:27:36 ####################
Total memory,15.87 GB
Available memory,3.79 GB
In use memory,12.08 GB
Memory usage,3.79%
#################### MEMORY STATS 12/12/2022 20:27:37 ####################
Total memory,15.87 GB
Available memory,3.79 GB
In use memory,12.08 GB
Memory usage,3.79%
#################### MEMORY STATS 12/12/2022 20:27:38 ####################
Total memory,15.87 GB
Available memory,3.79 GB
In use memory,12.08 GB
Memory usage,3.79%
#################### MEMORY STATS 12/12/2022 20:27:39 ####################
Total memory,15.87 GB
Available memory,3.78 GB
In use memory,12.09 GB
Memory usage,3.78%
#################### MEMORY STATS 12/12/2022 20:27:41 ####################
Total memory,15.87 GB
Available memory,3.71 GB
In use memory,12.16 GB
Memory usage,3.71%
#################### MEMORY STATS 12/12/2022 20:27:42 ####################
Total memory,15.87 GB
Available memory,4.51 GB
In use memory,11.36 GB
Memory usage,4.51%
#################### MEMORY STATS 12/12/2022 20:27:43 ####################
Total memory,15.87 GB
Available memory,4.54 GB
In use memory,11.33 GB
Memory usage,4.54%
#################### MEMORY STATS 12/12/2022 20:27:44 ####################
Total memory,15.87 GB
Available memory,4.54 GB
In use memory,11.33 GB
Memory usage,4.54%
#################### MEMORY STATS 12/12/2022 20:27:46 ####################
Total memory,15.87 GB
Available memory,4.54 GB
In use memory,11.33 GB
Memory usage,4.54%
#################### MEMORY STATS 12/12/2022 20:27:47 ####################
Total memory,15.87 GB
Available memory,4.54 GB
In use memory,11.33 GB
Memory usage,4.54%
#################### MEMORY STATS 12/12/2022 20:27:48 ####################
Total memory,15.87 GB
Available memory,4.54 GB
In use memory,11.33 GB
Memory usage,4.54%
#################### MEMORY STATS 12/12/2022 20:27:49 ####################
Total memory,15.87 GB
Available memory,4.55 GB
In use memory,11.32 GB
Memory usage,4.55%
#################### MEMORY STATS 12/12/2022 20:27:51 ####################
Total memory,15.87 GB
Available memory,4.55 GB
In use memory,11.32 GB
Memory usage,4.55%
#################### MEMORY STATS 12/12/2022 20:27:52 ####################
Total memory,15.87 GB
Available memory,4.46 GB
In use memory,11.41 GB
Memory usage,4.46%
#################### MEMORY STATS 12/12/2022 20:27:53 ####################
Total memory,15.87 GB
Available memory,4.6 GB
In use memory,11.27 GB
Memory usage,4.6%
#################### MEMORY STATS 12/12/2022 20:27:55 ####################
Total memory,15.87 GB
Available memory,4.48 GB
In use memory,11.39 GB
Memory usage,4.48%
#################### MEMORY STATS 12/12/2022 20:27:56 ####################
Total memory,15.87 GB
Available memory,4.48 GB
In use memory,11.39 GB
Memory usage,4.48%
#################### MEMORY STATS 12/12/2022 20:27:57 ####################
Total memory,15.87 GB
Available memory,4.48 GB
In use memory,11.39 GB
Memory usage,4.48%
#################### MEMORY STATS 12/12/2022 20:27:58 ####################
Total memory,15.87 GB
Available memory,4.5 GB
In use memory,11.37 GB
Memory usage,4.5%
#################### MEMORY STATS 12/12/2022 20:28:00 ####################
Total memory,15.87 GB
Available memory,4.48 GB
In use memory,11.39 GB
Memory usage,4.48%
#################### MEMORY STATS 12/12/2022 20:28:01 ####################
Total memory,15.87 GB
Available memory,4.5 GB
In use memory,11.37 GB
Memory usage,4.5%
#################### MEMORY STATS 12/12/2022 20:28:02 ####################
Total memory,15.87 GB
Available memory,4.55 GB
In use memory,11.32 GB
Memory usage,4.55%
#################### MEMORY STATS 12/12/2022 20:28:03 ####################
Total memory,15.87 GB
Available memory,4.55 GB
In use memory,11.32 GB
Memory usage,4.55%
#################### MEMORY STATS 12/12/2022 20:28:05 ####################
Total memory,15.87 GB
Available memory,4.55 GB
In use memory,11.32 GB
Memory usage,4.55%
#################### MEMORY STATS 12/12/2022 20:28:06 ####################
Total memory,15.87 GB
Available memory,4.54 GB
In use memory,11.33 GB
Memory usage,4.54%
#################### MEMORY STATS 12/12/2022 20:28:07 ####################
Total memory,15.87 GB
Available memory,4.55 GB
In use memory,11.32 GB
Memory usage,4.55%
#################### MEMORY STATS 12/12/2022 20:28:08 ####################
Total memory,15.87 GB
Available memory,4.54 GB
In use memory,11.33 GB
Memory usage,4.54%
#################### MEMORY STATS 12/12/2022 20:28:10 ####################
Total memory,15.87 GB
Available memory,4.55 GB
In use memory,11.32 GB
Memory usage,4.55%
#################### MEMORY STATS 12/12/2022 20:28:11 ####################
Total memory,15.87 GB
Available memory,4.55 GB
In use memory,11.32 GB
Memory usage,4.55%
#################### MEMORY STATS 12/12/2022 20:28:12 ####################
Total memory,15.87 GB
Available memory,4.58 GB
In use memory,11.3 GB
Memory usage,4.58%
#################### MEMORY STATS 12/12/2022 20:28:14 ####################
Total memory,15.87 GB
Available memory,4.57 GB
In use memory,11.3 GB
Memory usage,4.57%
#################### MEMORY STATS 12/12/2022 20:28:15 ####################
Total memory,15.87 GB
Available memory,4.57 GB
In use memory,11.3 GB
Memory usage,4.57%
#################### MEMORY STATS 12/12/2022 20:28:16 ####################
Total memory,15.87 GB
Available memory,4.57 GB
In use memory,11.3 GB
Memory usage,4.57%
#################### MEMORY STATS 12/12/2022 20:28:17 ####################
Total memory,15.87 GB
Available memory,4.56 GB
In use memory,11.31 GB
Memory usage,4.56%
#################### MEMORY STATS 12/12/2022 20:28:19 ####################
Total memory,15.87 GB
Available memory,4.57 GB
In use memory,11.3 GB
Memory usage,4.57%
#################### MEMORY STATS 12/12/2022 20:28:20 ####################
Total memory,15.87 GB
Available memory,4.58 GB
In use memory,11.29 GB
Memory usage,4.58%
#################### MEMORY STATS 12/12/2022 20:28:21 ####################
Total memory,15.87 GB
Available memory,4.58 GB
In use memory,11.29 GB
Memory usage,4.58%
#################### MEMORY STATS 12/12/2022 20:28:22 ####################
Total memory,15.87 GB
Available memory,4.58 GB
In use memory,11.29 GB
Memory usage,4.58%
#################### MEMORY STATS 12/12/2022 20:28:24 ####################
Total memory,15.87 GB
Available memory,4.57 GB
In use memory,11.3 GB
Memory usage,4.57%
#################### MEMORY STATS 12/12/2022 20:28:25 ####################
Total memory,15.87 GB
Available memory,4.57 GB
In use memory,11.3 GB
Memory usage,4.57%
#################### MEMORY STATS 12/12/2022 20:28:26 ####################
Total memory,15.87 GB
Available memory,4.57 GB
In use memory,11.3 GB
Memory usage,4.57%
#################### MEMORY STATS 12/12/2022 20:28:27 ####################
Total memory,15.87 GB
Available memory,4.58 GB
In use memory,11.29 GB
Memory usage,4.58%
#################### MEMORY STATS 12/12/2022 20:28:29 ####################
Total memory,15.87 GB
Available memory,4.58 GB
In use memory,11.29 GB
Memory usage,4.58%
#################### MEMORY STATS 12/12/2022 20:28:30 ####################
Total memory,15.87 GB
Available memory,4.57 GB
In use memory,11.3 GB
Memory usage,4.57%
#################### MEMORY STATS 12/12/2022 20:28:31 ####################
Total memory,15.87 GB
Available memory,4.57 GB
In use memory,11.3 GB
Memory usage,4.57%
#################### MEMORY STATS 12/12/2022 20:28:33 ####################
Total memory,15.87 GB
Available memory,4.57 GB
In use memory,11.3 GB
Memory usage,4.57%
#################### MEMORY STATS 12/12/2022 20:28:34 ####################
Total memory,15.87 GB
Available memory,4.57 GB
In use memory,11.3 GB
Memory usage,4.57%
#################### MEMORY STATS 12/12/2022 20:28:35 ####################
Total memory,15.87 GB
Available memory,4.56 GB
In use memory,11.31 GB
Memory usage,4.56%
#################### MEMORY STATS 12/12/2022 20:28:36 ####################
Total memory,15.87 GB
Available memory,4.56 GB
In use memory,11.31 GB
Memory usage,4.56%
#################### MEMORY STATS 12/12/2022 20:29:27 ####################
Total memory,15.87 GB
Available memory,4.49 GB
In use memory,11.38 GB
Memory usage,4.49%
#################### MEMORY STATS 12/12/2022 20:29:28 ####################
Total memory,15.87 GB
Available memory,4.51 GB
In use memory,11.36 GB
Memory usage,4.51%
#################### MEMORY STATS 12/12/2022 20:29:29 ####################
Total memory,15.87 GB
Available memory,4.52 GB
In use memory,11.35 GB
Memory usage,4.52%
#################### MEMORY STATS 12/12/2022 20:29:31 ####################
Total memory,15.87 GB
Available memory,4.52 GB
In use memory,11.35 GB
Memory usage,4.52%
#################### MEMORY STATS 12/12/2022 20:29:32 ####################
Total memory,15.87 GB
Available memory,4.53 GB
In use memory,11.34 GB
Memory usage,4.53%
#################### MEMORY STATS 12/12/2022 20:29:33 ####################
Total memory,15.87 GB
Available memory,4.53 GB
In use memory,11.34 GB
Memory usage,4.53%
#################### MEMORY STATS 12/12/2022 20:29:34 ####################
Total memory,15.87 GB
Available memory,4.54 GB
In use memory,11.34 GB
Memory usage,4.54%
#################### MEMORY STATS 13/12/2022 14:01:22 ####################
Total memory,15.87 GB
Available memory,5.38 GB
In use memory,10.49 GB
Memory usage,5.38%
#################### MEMORY STATS 13/12/2022 14:01:24 ####################
Total memory,15.87 GB
Available memory,5.4 GB
In use memory,10.47 GB
Memory usage,5.4%
#################### MEMORY STATS 13/12/2022 14:01:25 ####################
Total memory,15.87 GB
Available memory,5.4 GB
In use memory,10.48 GB
Memory usage,5.4%
#################### MEMORY STATS 13/12/2022 14:01:26 ####################
Total memory,15.87 GB
Available memory,5.4 GB
In use memory,10.48 GB
Memory usage,5.4%
#################### MEMORY STATS 13/12/2022 14:01:27 ####################
Total memory,15.87 GB
Available memory,5.39 GB
In use memory,10.48 GB
Memory usage,5.39%
#################### MEMORY STATS 13/12/2022 14:01:29 ####################
Total memory,15.87 GB
Available memory,5.4 GB
In use memory,10.47 GB
Memory usage,5.4%
#################### MEMORY STATS 13/12/2022 14:01:30 ####################
Total memory,15.87 GB
Available memory,5.39 GB
In use memory,10.48 GB
Memory usage,5.39%
#################### MEMORY STATS 13/12/2022 14:01:31 ####################
Total memory,15.87 GB
Available memory,5.39 GB
In use memory,10.48 GB
Memory usage,5.39%
#################### MEMORY STATS 13/12/2022 14:01:32 ####################
Total memory,15.87 GB
Available memory,5.39 GB
In use memory,10.48 GB
Memory usage,5.39%
#################### MEMORY STATS 13/12/2022 14:01:34 ####################
Total memory,15.87 GB
Available memory,5.39 GB
In use memory,10.48 GB
Memory usage,5.39%
#################### MEMORY STATS 13/12/2022 14:01:35 ####################
Total memory,15.87 GB
Available memory,5.4 GB
In use memory,10.47 GB
Memory usage,5.4%
#################### MEMORY STATS 13/12/2022 14:01:36 ####################
Total memory,15.87 GB
Available memory,5.4 GB
In use memory,10.47 GB
Memory usage,5.4%
#################### MEMORY STATS 13/12/2022 14:01:38 ####################
Total memory,15.87 GB
Available memory,5.4 GB
In use memory,10.47 GB
Memory usage,5.4%
#################### MEMORY STATS 13/12/2022 14:01:39 ####################
Total memory,15.87 GB
Available memory,5.41 GB
In use memory,10.47 GB
Memory usage,5.41%
#################### MEMORY STATS 13/12/2022 14:01:40 ####################
Total memory,15.87 GB
Available memory,5.4 GB
In use memory,10.48 GB
Memory usage,5.4%
#################### MEMORY STATS 13/12/2022 14:01:41 ####################
Total memory,15.87 GB
Available memory,5.4 GB
In use memory,10.47 GB
Memory usage,5.4%
#################### MEMORY STATS 13/12/2022 14:01:43 ####################
Total memory,15.87 GB
Available memory,5.4 GB
In use memory,10.47 GB
Memory usage,5.4%
#################### MEMORY STATS 13/12/2022 14:01:44 ####################
Total memory,15.87 GB
Available memory,5.4 GB
In use memory,10.48 GB
Memory usage,5.4%
#################### MEMORY STATS 13/12/2022 14:01:45 ####################
Total memory,15.87 GB
Available memory,5.37 GB
In use memory,10.5 GB
Memory usage,5.37%
#################### MEMORY STATS 13/12/2022 14:01:46 ####################
Total memory,15.87 GB
Available memory,5.29 GB
In use memory,10.59 GB
Memory usage,5.29%
#################### MEMORY STATS 13/12/2022 14:01:48 ####################
Total memory,15.87 GB
Available memory,5.26 GB
In use memory,10.62 GB
Memory usage,5.26%
#################### MEMORY STATS 13/12/2022 14:01:49 ####################
Total memory,15.87 GB
Available memory,5.25 GB
In use memory,10.62 GB
Memory usage,5.25%
#################### MEMORY STATS 13/12/2022 14:01:50 ####################
Total memory,15.87 GB
Available memory,5.25 GB
In use memory,10.62 GB
Memory usage,5.25%
#################### MEMORY STATS 13/12/2022 14:01:51 ####################
Total memory,15.87 GB
Available memory,5.24 GB
In use memory,10.63 GB
Memory usage,5.24%
#################### MEMORY STATS 13/12/2022 14:01:53 ####################
Total memory,15.87 GB
Available memory,5.19 GB
In use memory,10.69 GB
Memory usage,5.19%
#################### MEMORY STATS 13/12/2022 14:01:54 ####################
Total memory,15.87 GB
Available memory,5.21 GB
In use memory,10.66 GB
Memory usage,5.21%
#################### MEMORY STATS 13/12/2022 14:01:55 ####################
Total memory,15.87 GB
Available memory,5.15 GB
In use memory,10.72 GB
Memory usage,5.15%
#################### MEMORY STATS 13/12/2022 14:01:56 ####################
Total memory,15.87 GB
Available memory,5.13 GB
In use memory,10.74 GB
Memory usage,5.13%
#################### MEMORY STATS 13/12/2022 14:01:58 ####################
Total memory,15.87 GB
Available memory,5.14 GB
In use memory,10.73 GB
Memory usage,5.14%
#################### MEMORY STATS 13/12/2022 14:01:59 ####################
Total memory,15.87 GB
Available memory,5.13 GB
In use memory,10.74 GB
Memory usage,5.13%
#################### MEMORY STATS 13/12/2022 14:02:00 ####################
Total memory,15.87 GB
Available memory,5.14 GB
In use memory,10.73 GB
Memory usage,5.14%
#################### MEMORY STATS 13/12/2022 14:02:01 ####################
Total memory,15.87 GB
Available memory,5.14 GB
In use memory,10.73 GB
Memory usage,5.14%
#################### MEMORY STATS 13/12/2022 14:02:03 ####################
Total memory,15.87 GB
Available memory,5.16 GB
In use memory,10.72 GB
Memory usage,5.16%
#################### MEMORY STATS 13/12/2022 14:02:04 ####################
Total memory,15.87 GB
Available memory,5.23 GB
In use memory,10.64 GB
Memory usage,5.23%
#################### MEMORY STATS 13/12/2022 14:02:05 ####################
Total memory,15.87 GB
Available memory,5.14 GB
In use memory,10.73 GB
Memory usage,5.14%
#################### MEMORY STATS 13/12/2022 14:02:06 ####################
Total memory,15.87 GB
Available memory,5.12 GB
In use memory,10.75 GB
Memory usage,5.12%
#################### MEMORY STATS 13/12/2022 14:02:08 ####################
Total memory,15.87 GB
Available memory,5.13 GB
In use memory,10.75 GB
Memory usage,5.13%
#################### MEMORY STATS 13/12/2022 14:02:09 ####################
Total memory,15.87 GB
Available memory,5.21 GB
In use memory,10.67 GB
Memory usage,5.21%
#################### MEMORY STATS 13/12/2022 14:02:10 ####################
Total memory,15.87 GB
Available memory,5.11 GB
In use memory,10.76 GB
Memory usage,5.11%
#################### MEMORY STATS 13/12/2022 14:02:11 ####################
Total memory,15.87 GB
Available memory,5.11 GB
In use memory,10.76 GB
Memory usage,5.11%
#################### MEMORY STATS 13/12/2022 14:02:13 ####################
Total memory,15.87 GB
Available memory,5.05 GB
In use memory,10.82 GB
Memory usage,5.05%
#################### MEMORY STATS 13/12/2022 14:02:14 ####################
Total memory,15.87 GB
Available memory,5.03 GB
In use memory,10.84 GB
Memory usage,5.03%
#################### MEMORY STATS 13/12/2022 14:02:15 ####################
Total memory,15.87 GB
Available memory,5.04 GB
In use memory,10.83 GB
Memory usage,5.04%
#################### MEMORY STATS 13/12/2022 14:02:16 ####################
Total memory,15.87 GB
Available memory,5.04 GB
In use memory,10.83 GB
Memory usage,5.04%
#################### MEMORY STATS 13/12/2022 14:02:18 ####################
Total memory,15.87 GB
Available memory,5.04 GB
In use memory,10.83 GB
Memory usage,5.04%
#################### MEMORY STATS 13/12/2022 14:02:19 ####################
Total memory,15.87 GB
Available memory,5.05 GB
In use memory,10.82 GB
Memory usage,5.05%
#################### MEMORY STATS 13/12/2022 14:02:20 ####################
Total memory,15.87 GB
Available memory,5.1 GB
In use memory,10.77 GB
Memory usage,5.1%
#################### MEMORY STATS 13/12/2022 14:02:22 ####################
Total memory,15.87 GB
Available memory,5.17 GB
In use memory,10.7 GB
Memory usage,5.17%
#################### MEMORY STATS 13/12/2022 14:02:23 ####################
Total memory,15.87 GB
Available memory,5.18 GB
In use memory,10.69 GB
Memory usage,5.18%
#################### MEMORY STATS 15/12/2022 00:38:56 ####################
Total memory,15.87 GB
Available memory,6.17 GB
In use memory,9.7 GB
Memory usage,6.17%
#################### MEMORY STATS 15/12/2022 00:38:57 ####################
Total memory,15.87 GB
Available memory,6.16 GB
In use memory,9.71 GB
Memory usage,6.16%
#################### MEMORY STATS 15/12/2022 00:38:58 ####################
Total memory,15.87 GB
Available memory,6.16 GB
In use memory,9.71 GB
Memory usage,6.16%
#################### MEMORY STATS 15/12/2022 00:38:59 ####################
Total memory,15.87 GB
Available memory,6.16 GB
In use memory,9.71 GB
Memory usage,6.16%
#################### MEMORY STATS 15/12/2022 00:39:01 ####################
Total memory,15.87 GB
Available memory,6.18 GB
In use memory,9.7 GB
Memory usage,6.18%
#################### MEMORY STATS 15/12/2022 00:39:02 ####################
Total memory,15.87 GB
Available memory,6.19 GB
In use memory,9.68 GB
Memory usage,6.19%
#################### MEMORY STATS 15/12/2022 00:39:03 ####################
Total memory,15.87 GB
Available memory,6.19 GB
In use memory,9.68 GB
Memory usage,6.19%
#################### MEMORY STATS 15/12/2022 00:39:04 ####################
Total memory,15.87 GB
Available memory,6.19 GB
In use memory,9.69 GB
Memory usage,6.19%
#################### MEMORY STATS 15/12/2022 00:39:06 ####################
Total memory,15.87 GB
Available memory,6.19 GB
In use memory,9.68 GB
Memory usage,6.19%
#################### MEMORY STATS 15/12/2022 00:39:07 ####################
Total memory,15.87 GB
Available memory,6.17 GB
In use memory,9.7 GB
Memory usage,6.17%
#################### MEMORY STATS 15/12/2022 00:39:08 ####################
Total memory,15.87 GB
Available memory,6.17 GB
In use memory,9.7 GB
Memory usage,6.17%
#################### MEMORY STATS 15/12/2022 00:39:10 ####################
Total memory,15.87 GB
Available memory,6.19 GB
In use memory,9.68 GB
Memory usage,6.19%
#################### MEMORY STATS 15/12/2022 00:39:11 ####################
Total memory,15.87 GB
Available memory,6.2 GB
In use memory,9.67 GB
Memory usage,6.2%
#################### MEMORY STATS 15/12/2022 00:39:12 ####################
Total memory,15.87 GB
Available memory,6.2 GB
In use memory,9.68 GB
Memory usage,6.2%
#################### MEMORY STATS 15/12/2022 00:39:13 ####################
Total memory,15.87 GB
Available memory,6.19 GB
In use memory,9.68 GB
Memory usage,6.19%
#################### MEMORY STATS 15/12/2022 00:39:15 ####################
Total memory,15.87 GB
Available memory,6.19 GB
In use memory,9.68 GB
Memory usage,6.19%
#################### MEMORY STATS 15/12/2022 00:39:16 ####################
Total memory,15.87 GB
Available memory,6.2 GB
In use memory,9.68 GB
Memory usage,6.2%
#################### MEMORY STATS 15/12/2022 00:39:17 ####################
Total memory,15.87 GB
Available memory,6.21 GB
In use memory,9.66 GB
Memory usage,6.21%
#################### MEMORY STATS 15/12/2022 00:39:18 ####################
Total memory,15.87 GB
Available memory,6.21 GB
In use memory,9.66 GB
Memory usage,6.21%
#################### MEMORY STATS 15/12/2022 00:39:20 ####################
Total memory,15.87 GB
Available memory,6.2 GB
In use memory,9.67 GB
Memory usage,6.2%
#################### MEMORY STATS 15/12/2022 00:39:21 ####################
Total memory,15.87 GB
Available memory,6.2 GB
In use memory,9.67 GB
Memory usage,6.2%
#################### MEMORY STATS 15/12/2022 00:39:22 ####################
Total memory,15.87 GB
Available memory,6.18 GB
In use memory,9.69 GB
Memory usage,6.18%
#################### MEMORY STATS 15/12/2022 00:39:23 ####################
Total memory,15.87 GB
Available memory,6.17 GB
In use memory,9.7 GB
Memory usage,6.17%
#################### MEMORY STATS 15/12/2022 00:39:25 ####################
Total memory,15.87 GB
Available memory,6.18 GB
In use memory,9.69 GB
Memory usage,6.18%
#################### MEMORY STATS 15/12/2022 00:39:26 ####################
Total memory,15.87 GB
Available memory,6.19 GB
In use memory,9.68 GB
Memory usage,6.19%
#################### MEMORY STATS 15/12/2022 00:39:27 ####################
Total memory,15.87 GB
Available memory,6.19 GB
In use memory,9.68 GB
Memory usage,6.19%
#################### MEMORY STATS 15/12/2022 00:39:28 ####################
Total memory,15.87 GB
Available memory,6.19 GB
In use memory,9.68 GB
Memory usage,6.19%
#################### MEMORY STATS 15/12/2022 00:39:30 ####################
Total memory,15.87 GB
Available memory,6.18 GB
In use memory,9.69 GB
Memory usage,6.18%
#################### MEMORY STATS 15/12/2022 00:39:31 ####################
Total memory,15.87 GB
Available memory,6.18 GB
In use memory,9.69 GB
Memory usage,6.18%
#################### MEMORY STATS 15/12/2022 00:39:32 ####################
Total memory,15.87 GB
Available memory,6.18 GB
In use memory,9.69 GB
Memory usage,6.18%
#################### MEMORY STATS 15/12/2022 00:39:33 ####################
Total memory,15.87 GB
Available memory,6.18 GB
In use memory,9.69 GB
Memory usage,6.18%
#################### MEMORY STATS 15/12/2022 00:39:35 ####################
Total memory,15.87 GB
Available memory,6.2 GB
In use memory,9.67 GB
Memory usage,6.2%
#################### MEMORY STATS 15/12/2022 00:39:36 ####################
Total memory,15.87 GB
Available memory,6.19 GB
In use memory,9.68 GB
Memory usage,6.19%
#################### MEMORY STATS 15/12/2022 00:39:37 ####################
Total memory,15.87 GB
Available memory,6.2 GB
In use memory,9.68 GB
Memory usage,6.2%
#################### MEMORY STATS 15/12/2022 00:39:38 ####################
Total memory,15.87 GB
Available memory,6.18 GB
In use memory,9.69 GB
Memory usage,6.18%
#################### MEMORY STATS 15/12/2022 00:39:40 ####################
Total memory,15.87 GB
Available memory,6.18 GB
In use memory,9.69 GB
Memory usage,6.18%
#################### MEMORY STATS 15/12/2022 00:39:41 ####################
Total memory,15.87 GB
Available memory,6.18 GB
In use memory,9.69 GB
Memory usage,6.18%
#################### MEMORY STATS 15/12/2022 00:39:42 ####################
Total memory,15.87 GB
Available memory,6.18 GB
In use memory,9.69 GB
Memory usage,6.18%
#################### MEMORY STATS 15/12/2022 00:39:43 ####################
Total memory,15.87 GB
Available memory,6.17 GB
In use memory,9.7 GB
Memory usage,6.17%
#################### MEMORY STATS 15/12/2022 00:39:45 ####################
Total memory,15.87 GB
Available memory,6.14 GB
In use memory,9.73 GB
Memory usage,6.14%
#################### MEMORY STATS 15/12/2022 00:39:46 ####################
Total memory,15.87 GB
Available memory,6.15 GB
In use memory,9.72 GB
Memory usage,6.15%
#################### MEMORY STATS 15/12/2022 00:39:47 ####################
Total memory,15.87 GB
Available memory,6.15 GB
In use memory,9.72 GB
Memory usage,6.15%
#################### MEMORY STATS 15/12/2022 00:39:49 ####################
Total memory,15.87 GB
Available memory,6.14 GB
In use memory,9.73 GB
Memory usage,6.14%
#################### MEMORY STATS 15/12/2022 00:39:50 ####################
Total memory,15.87 GB
Available memory,6.14 GB
In use memory,9.74 GB
Memory usage,6.14%
#################### MEMORY STATS 15/12/2022 00:39:51 ####################
Total memory,15.87 GB
Available memory,6.14 GB
In use memory,9.74 GB
Memory usage,6.14%
#################### MEMORY STATS 15/12/2022 00:39:52 ####################
Total memory,15.87 GB
Available memory,6.13 GB
In use memory,9.74 GB
Memory usage,6.13%
#################### MEMORY STATS 15/12/2022 00:39:54 ####################
Total memory,15.87 GB
Available memory,6.13 GB
In use memory,9.74 GB
Memory usage,6.13%
#################### MEMORY STATS 15/12/2022 00:39:55 ####################
Total memory,15.87 GB
Available memory,6.12 GB
In use memory,9.75 GB
Memory usage,6.12%
#################### MEMORY STATS 15/12/2022 00:39:56 ####################
Total memory,15.87 GB
Available memory,6.13 GB
In use memory,9.74 GB
Memory usage,6.13%
#################### MEMORY STATS 15/12/2022 00:39:57 ####################
Total memory,15.87 GB
Available memory,6.13 GB
In use memory,9.75 GB
Memory usage,6.13%
#################### MEMORY STATS 15/12/2022 00:39:59 ####################
Total memory,15.87 GB
Available memory,6.12 GB
In use memory,9.75 GB
Memory usage,6.12%
#################### MEMORY STATS 15/12/2022 00:40:00 ####################
Total memory,15.87 GB
Available memory,6.09 GB
In use memory,9.79 GB
Memory usage,6.09%
#################### MEMORY STATS 15/12/2022 00:40:01 ####################
Total memory,15.87 GB
Available memory,6.07 GB
In use memory,9.8 GB
Memory usage,6.07%
#################### MEMORY STATS 15/12/2022 00:40:02 ####################
Total memory,15.87 GB
Available memory,6.06 GB
In use memory,9.81 GB
Memory usage,6.06%
#################### MEMORY STATS 15/12/2022 00:40:04 ####################
Total memory,15.87 GB
Available memory,6.07 GB
In use memory,9.8 GB
Memory usage,6.07%
#################### MEMORY STATS 15/12/2022 00:40:05 ####################
Total memory,15.87 GB
Available memory,6.07 GB
In use memory,9.81 GB
Memory usage,6.07%
#################### MEMORY STATS 15/12/2022 00:40:06 ####################
Total memory,15.87 GB
Available memory,6.09 GB
In use memory,9.78 GB
Memory usage,6.09%
#################### MEMORY STATS 15/12/2022 00:40:07 ####################
Total memory,15.87 GB
Available memory,6.09 GB
In use memory,9.78 GB
Memory usage,6.09%
#################### MEMORY STATS 15/12/2022 00:40:09 ####################
Total memory,15.87 GB
Available memory,6.08 GB
In use memory,9.79 GB
Memory usage,6.08%
#################### MEMORY STATS 15/12/2022 00:40:10 ####################
Total memory,15.87 GB
Available memory,6.08 GB
In use memory,9.79 GB
Memory usage,6.08%
#################### MEMORY STATS 15/12/2022 00:40:11 ####################
Total memory,15.87 GB
Available memory,6.08 GB
In use memory,9.79 GB
Memory usage,6.08%
#################### MEMORY STATS 15/12/2022 00:40:13 ####################
Total memory,15.87 GB
Available memory,6.08 GB
In use memory,9.79 GB
Memory usage,6.08%
#################### MEMORY STATS 15/12/2022 00:40:14 ####################
Total memory,15.87 GB
Available memory,6.07 GB
In use memory,9.8 GB
Memory usage,6.07%
#################### MEMORY STATS 15/12/2022 00:40:15 ####################
Total memory,15.87 GB
Available memory,6.07 GB
In use memory,9.8 GB
Memory usage,6.07%
#################### MEMORY STATS 15/12/2022 00:40:16 ####################
Total memory,15.87 GB
Available memory,6.07 GB
In use memory,9.8 GB
Memory usage,6.07%
#################### MEMORY STATS 15/12/2022 00:40:18 ####################
Total memory,15.87 GB
Available memory,6.07 GB
In use memory,9.8 GB
Memory usage,6.07%
#################### MEMORY STATS 15/12/2022 00:40:19 ####################
Total memory,15.87 GB
Available memory,6.06 GB
In use memory,9.82 GB
Memory usage,6.06%
#################### MEMORY STATS 15/12/2022 00:40:20 ####################
Total memory,15.87 GB
Available memory,6.06 GB
In use memory,9.81 GB
Memory usage,6.06%
#################### MEMORY STATS 15/12/2022 00:40:21 ####################
Total memory,15.87 GB
Available memory,6.07 GB
In use memory,9.8 GB
Memory usage,6.07%
#################### MEMORY STATS 15/12/2022 00:40:23 ####################
Total memory,15.87 GB
Available memory,6.05 GB
In use memory,9.82 GB
Memory usage,6.05%
#################### MEMORY STATS 15/12/2022 00:40:24 ####################
Total memory,15.87 GB
Available memory,6.06 GB
In use memory,9.81 GB
Memory usage,6.06%
#################### MEMORY STATS 15/12/2022 00:40:25 ####################
Total memory,15.87 GB
Available memory,6.06 GB
In use memory,9.81 GB
Memory usage,6.06%
#################### MEMORY STATS 15/12/2022 00:40:26 ####################
Total memory,15.87 GB
Available memory,6.08 GB
In use memory,9.79 GB
Memory usage,6.08%
#################### MEMORY STATS 15/12/2022 00:40:28 ####################
Total memory,15.87 GB
Available memory,6.07 GB
In use memory,9.8 GB
Memory usage,6.07%
#################### MEMORY STATS 15/12/2022 00:40:29 ####################
Total memory,15.87 GB
Available memory,6.07 GB
In use memory,9.8 GB
Memory usage,6.07%
#################### MEMORY STATS 15/12/2022 00:40:30 ####################
Total memory,15.87 GB
Available memory,6.07 GB
In use memory,9.8 GB
Memory usage,6.07%
#################### MEMORY STATS 15/12/2022 00:40:31 ####################
Total memory,15.87 GB
Available memory,6.08 GB
In use memory,9.79 GB
Memory usage,6.08%
#################### MEMORY STATS 15/12/2022 00:40:33 ####################
Total memory,15.87 GB
Available memory,6.06 GB
In use memory,9.81 GB
Memory usage,6.06%
#################### MEMORY STATS 15/12/2022 00:40:34 ####################
Total memory,15.87 GB
Available memory,6.06 GB
In use memory,9.81 GB
Memory usage,6.06%
#################### MEMORY STATS 15/12/2022 00:40:35 ####################
Total memory,15.87 GB
Available memory,6.06 GB
In use memory,9.81 GB
Memory usage,6.06%
#################### MEMORY STATS 15/12/2022 00:40:36 ####################
Total memory,15.87 GB
Available memory,6.07 GB
In use memory,9.8 GB
Memory usage,6.07%
#################### MEMORY STATS 15/12/2022 00:40:38 ####################
Total memory,15.87 GB
Available memory,6.07 GB
In use memory,9.8 GB
Memory usage,6.07%
#################### MEMORY STATS 15/12/2022 00:40:39 ####################
Total memory,15.87 GB
Available memory,6.07 GB
In use memory,9.8 GB
Memory usage,6.07%
#################### MEMORY STATS 15/12/2022 00:40:40 ####################
Total memory,15.87 GB
Available memory,6.08 GB
In use memory,9.79 GB
Memory usage,6.08%
#################### MEMORY STATS 15/12/2022 00:40:42 ####################
Total memory,15.87 GB
Available memory,6.08 GB
In use memory,9.79 GB
Memory usage,6.08%
#################### MEMORY STATS 15/12/2022 00:40:43 ####################
Total memory,15.87 GB
Available memory,6.08 GB
In use memory,9.8 GB
Memory usage,6.08%
#################### MEMORY STATS 15/12/2022 00:40:48 ####################
Total memory,15.87 GB
Available memory,6.02 GB
In use memory,9.86 GB
Memory usage,6.02%
#################### MEMORY STATS 15/12/2022 00:40:49 ####################
Total memory,15.87 GB
Available memory,6.02 GB
In use memory,9.85 GB
Memory usage,6.02%
#################### MEMORY STATS 15/12/2022 00:40:50 ####################
Total memory,15.87 GB
Available memory,6.0 GB
In use memory,9.87 GB
Memory usage,6.0%
#################### MEMORY STATS 15/12/2022 00:40:52 ####################
Total memory,15.87 GB
Available memory,5.99 GB
In use memory,9.88 GB
Memory usage,5.99%
#################### MEMORY STATS 15/12/2022 00:40:53 ####################
Total memory,15.87 GB
Available memory,5.99 GB
In use memory,9.88 GB
Memory usage,5.99%
#################### MEMORY STATS 15/12/2022 00:40:54 ####################
Total memory,15.87 GB
Available memory,6.0 GB
In use memory,9.87 GB
Memory usage,6.0%
#################### MEMORY STATS 15/12/2022 00:40:56 ####################
Total memory,15.87 GB
Available memory,5.99 GB
In use memory,9.88 GB
Memory usage,5.99%
#################### MEMORY STATS 15/12/2022 00:40:57 ####################
Total memory,15.87 GB
Available memory,6.0 GB
In use memory,9.87 GB
Memory usage,6.0%
#################### MEMORY STATS 15/12/2022 00:40:58 ####################
Total memory,15.87 GB
Available memory,6.0 GB
In use memory,9.87 GB
Memory usage,6.0%
#################### MEMORY STATS 15/12/2022 00:40:59 ####################
Total memory,15.87 GB
Available memory,6.0 GB
In use memory,9.87 GB
Memory usage,6.0%
#################### MEMORY STATS 15/12/2022 00:41:01 ####################
Total memory,15.87 GB
Available memory,6.0 GB
In use memory,9.87 GB
Memory usage,6.0%
#################### MEMORY STATS 15/12/2022 00:41:02 ####################
Total memory,15.87 GB
Available memory,6.0 GB
In use memory,9.87 GB
Memory usage,6.0%
#################### MEMORY STATS 15/12/2022 00:41:03 ####################
Total memory,15.87 GB
Available memory,6.0 GB
In use memory,9.87 GB
Memory usage,6.0%
#################### MEMORY STATS 15/12/2022 00:41:04 ####################
Total memory,15.87 GB
Available memory,6.0 GB
In use memory,9.87 GB
Memory usage,6.0%
#################### MEMORY STATS 15/12/2022 00:41:06 ####################
Total memory,15.87 GB
Available memory,6.0 GB
In use memory,9.87 GB
Memory usage,6.0%
#################### MEMORY STATS 15/12/2022 00:41:07 ####################
Total memory,15.87 GB
Available memory,6.0 GB
In use memory,9.87 GB
Memory usage,6.0%
#################### MEMORY STATS 15/12/2022 00:41:08 ####################
Total memory,15.87 GB
Available memory,6.0 GB
In use memory,9.87 GB
Memory usage,6.0%
#################### MEMORY STATS 15/12/2022 00:41:09 ####################
Total memory,15.87 GB
Available memory,6.0 GB
In use memory,9.87 GB
Memory usage,6.0%
#################### MEMORY STATS 15/12/2022 00:41:11 ####################
Total memory,15.87 GB
Available memory,6.0 GB
In use memory,9.88 GB
Memory usage,6.0%
#################### MEMORY STATS 15/12/2022 00:41:12 ####################
Total memory,15.87 GB
Available memory,6.0 GB
In use memory,9.87 GB
Memory usage,6.0%
#################### MEMORY STATS 15/12/2022 00:41:13 ####################
Total memory,15.87 GB
Available memory,6.0 GB
In use memory,9.87 GB
Memory usage,6.0%
#################### MEMORY STATS 15/12/2022 00:41:15 ####################
Total memory,15.87 GB
Available memory,6.0 GB
In use memory,9.87 GB
Memory usage,6.0%
#################### MEMORY STATS 15/12/2022 00:41:16 ####################
Total memory,15.87 GB
Available memory,6.0 GB
In use memory,9.87 GB
Memory usage,6.0%
#################### MEMORY STATS 15/12/2022 00:41:17 ####################
Total memory,15.87 GB
Available memory,6.0 GB
In use memory,9.87 GB
Memory usage,6.0%
#################### MEMORY STATS 15/12/2022 00:41:18 ####################
Total memory,15.87 GB
Available memory,6.0 GB
In use memory,9.87 GB
Memory usage,6.0%
#################### MEMORY STATS 15/12/2022 00:41:20 ####################
Total memory,15.87 GB
Available memory,6.12 GB
In use memory,9.75 GB
Memory usage,6.12%
#################### MEMORY STATS 15/12/2022 00:41:21 ####################
Total memory,15.87 GB
Available memory,6.12 GB
In use memory,9.75 GB
Memory usage,6.12%
#################### MEMORY STATS 15/12/2022 00:41:22 ####################
Total memory,15.87 GB
Available memory,6.12 GB
In use memory,9.75 GB
Memory usage,6.12%
#################### MEMORY STATS 15/12/2022 00:41:23 ####################
Total memory,15.87 GB
Available memory,6.12 GB
In use memory,9.75 GB
Memory usage,6.12%
#################### MEMORY STATS 15/12/2022 00:41:25 ####################
Total memory,15.87 GB
Available memory,6.12 GB
In use memory,9.75 GB
Memory usage,6.12%
#################### MEMORY STATS 15/12/2022 00:41:26 ####################
Total memory,15.87 GB
Available memory,6.12 GB
In use memory,9.75 GB
Memory usage,6.12%
#################### MEMORY STATS 15/12/2022 00:41:27 ####################
Total memory,15.87 GB
Available memory,6.12 GB
In use memory,9.75 GB
Memory usage,6.12%
#################### MEMORY STATS 15/12/2022 00:41:29 ####################
Total memory,15.87 GB
Available memory,6.12 GB
In use memory,9.75 GB
Memory usage,6.12%
#################### MEMORY STATS 15/12/2022 00:41:30 ####################
Total memory,15.87 GB
Available memory,6.12 GB
In use memory,9.75 GB
Memory usage,6.12%
#################### MEMORY STATS 15/12/2022 00:41:31 ####################
Total memory,15.87 GB
Available memory,6.12 GB
In use memory,9.75 GB
Memory usage,6.12%
#################### MEMORY STATS 15/12/2022 00:41:32 ####################
Total memory,15.87 GB
Available memory,6.12 GB
In use memory,9.75 GB
Memory usage,6.12%
#################### MEMORY STATS 15/12/2022 00:41:34 ####################
Total memory,15.87 GB
Available memory,6.12 GB
In use memory,9.75 GB
Memory usage,6.12%
#################### MEMORY STATS 15/12/2022 00:41:35 ####################
Total memory,15.87 GB
Available memory,6.12 GB
In use memory,9.75 GB
Memory usage,6.12%
#################### MEMORY STATS 15/12/2022 00:41:36 ####################
Total memory,15.87 GB
Available memory,6.12 GB
In use memory,9.75 GB
Memory usage,6.12%
#################### MEMORY STATS 15/12/2022 00:41:37 ####################
Total memory,15.87 GB
Available memory,6.12 GB
In use memory,9.75 GB
Memory usage,6.12%
#################### MEMORY STATS 15/12/2022 00:41:39 ####################
Total memory,15.87 GB
Available memory,6.12 GB
In use memory,9.75 GB
Memory usage,6.12%
#################### MEMORY STATS 15/12/2022 00:41:40 ####################
Total memory,15.87 GB
Available memory,6.12 GB
In use memory,9.75 GB
Memory usage,6.12%
#################### MEMORY STATS 15/12/2022 00:41:41 ####################
Total memory,15.87 GB
Available memory,6.12 GB
In use memory,9.75 GB
Memory usage,6.12%
#################### MEMORY STATS 15/12/2022 00:41:42 ####################
Total memory,15.87 GB
Available memory,6.12 GB
In use memory,9.75 GB
Memory usage,6.12%
#################### MEMORY STATS 15/12/2022 00:41:44 ####################
Total memory,15.87 GB
Available memory,6.12 GB
In use memory,9.75 GB
Memory usage,6.12%
#################### MEMORY STATS 15/12/2022 00:41:45 ####################
Total memory,15.87 GB
Available memory,6.12 GB
In use memory,9.75 GB
Memory usage,6.12%
#################### MEMORY STATS 15/12/2022 00:41:46 ####################
Total memory,15.87 GB
Available memory,6.12 GB
In use memory,9.75 GB
Memory usage,6.12%
#################### MEMORY STATS 15/12/2022 00:41:47 ####################
Total memory,15.87 GB
Available memory,6.12 GB
In use memory,9.75 GB
Memory usage,6.12%
#################### MEMORY STATS 15/12/2022 00:41:49 ####################
Total memory,15.87 GB
Available memory,6.12 GB
In use memory,9.75 GB
Memory usage,6.12%
#################### MEMORY STATS 15/12/2022 00:41:50 ####################
Total memory,15.87 GB
Available memory,6.12 GB
In use memory,9.75 GB
Memory usage,6.12%
#################### MEMORY STATS 15/12/2022 00:41:51 ####################
Total memory,15.87 GB
Available memory,6.12 GB
In use memory,9.75 GB
Memory usage,6.12%
#################### MEMORY STATS 15/12/2022 00:41:53 ####################
Total memory,15.87 GB
Available memory,6.13 GB
In use memory,9.74 GB
Memory usage,6.13%
#################### MEMORY STATS 15/12/2022 00:41:54 ####################
Total memory,15.87 GB
Available memory,6.13 GB
In use memory,9.75 GB
Memory usage,6.13%
#################### MEMORY STATS 15/12/2022 00:41:55 ####################
Total memory,15.87 GB
Available memory,6.13 GB
In use memory,9.74 GB
Memory usage,6.13%
#################### MEMORY STATS 15/12/2022 00:41:56 ####################
Total memory,15.87 GB
Available memory,6.13 GB
In use memory,9.74 GB
Memory usage,6.13%
#################### MEMORY STATS 15/12/2022 00:41:58 ####################
Total memory,15.87 GB
Available memory,6.13 GB
In use memory,9.74 GB
Memory usage,6.13%
#################### MEMORY STATS 15/12/2022 00:41:59 ####################
Total memory,15.87 GB
Available memory,6.13 GB
In use memory,9.74 GB
Memory usage,6.13%
#################### MEMORY STATS 15/12/2022 00:42:00 ####################
Total memory,15.87 GB
Available memory,6.13 GB
In use memory,9.74 GB
Memory usage,6.13%
#################### MEMORY STATS 15/12/2022 00:42:01 ####################
Total memory,15.87 GB
Available memory,6.13 GB
In use memory,9.74 GB
Memory usage,6.13%
#################### MEMORY STATS 15/12/2022 00:42:03 ####################
Total memory,15.87 GB
Available memory,6.13 GB
In use memory,9.74 GB
Memory usage,6.13%
#################### MEMORY STATS 15/12/2022 00:42:04 ####################
Total memory,15.87 GB
Available memory,6.13 GB
In use memory,9.74 GB
Memory usage,6.13%
#################### MEMORY STATS 15/12/2022 00:42:05 ####################
Total memory,15.87 GB
Available memory,6.12 GB
In use memory,9.75 GB
Memory usage,6.12%
#################### MEMORY STATS 15/12/2022 00:42:06 ####################
Total memory,15.87 GB
Available memory,6.13 GB
In use memory,9.75 GB
Memory usage,6.13%
#################### MEMORY STATS 15/12/2022 00:42:08 ####################
Total memory,15.87 GB
Available memory,6.13 GB
In use memory,9.75 GB
Memory usage,6.13%
#################### MEMORY STATS 15/12/2022 00:42:09 ####################
Total memory,15.87 GB
Available memory,6.12 GB
In use memory,9.75 GB
Memory usage,6.12%
#################### MEMORY STATS 15/12/2022 00:42:10 ####################
Total memory,15.87 GB
Available memory,6.13 GB
In use memory,9.74 GB
Memory usage,6.13%
#################### MEMORY STATS 15/12/2022 00:42:11 ####################
Total memory,15.87 GB
Available memory,6.13 GB
In use memory,9.74 GB
Memory usage,6.13%
#################### MEMORY STATS 15/12/2022 00:42:13 ####################
Total memory,15.87 GB
Available memory,6.13 GB
In use memory,9.74 GB
Memory usage,6.13%
#################### MEMORY STATS 15/12/2022 00:42:14 ####################
Total memory,15.87 GB
Available memory,6.13 GB
In use memory,9.75 GB
Memory usage,6.13%
#################### MEMORY STATS 15/12/2022 00:42:15 ####################
Total memory,15.87 GB
Available memory,6.13 GB
In use memory,9.74 GB
Memory usage,6.13%
#################### MEMORY STATS 15/12/2022 00:42:16 ####################
Total memory,15.87 GB
Available memory,6.13 GB
In use memory,9.74 GB
Memory usage,6.13%
#################### MEMORY STATS 15/12/2022 00:42:18 ####################
Total memory,15.87 GB
Available memory,6.13 GB
In use memory,9.74 GB
Memory usage,6.13%
#################### MEMORY STATS 15/12/2022 00:42:19 ####################
Total memory,15.87 GB
Available memory,6.13 GB
In use memory,9.74 GB
Memory usage,6.13%
#################### MEMORY STATS 15/12/2022 00:42:20 ####################
Total memory,15.87 GB
Available memory,6.14 GB
In use memory,9.74 GB
Memory usage,6.14%
#################### MEMORY STATS 15/12/2022 00:42:21 ####################
Total memory,15.87 GB
Available memory,6.14 GB
In use memory,9.73 GB
Memory usage,6.14%
#################### MEMORY STATS 15/12/2022 00:42:23 ####################
Total memory,15.87 GB
Available memory,6.13 GB
In use memory,9.74 GB
Memory usage,6.13%
#################### MEMORY STATS 15/12/2022 00:42:24 ####################
Total memory,15.87 GB
Available memory,6.13 GB
In use memory,9.74 GB
Memory usage,6.13%
#################### MEMORY STATS 15/12/2022 00:42:25 ####################
Total memory,15.87 GB
Available memory,6.13 GB
In use memory,9.74 GB
Memory usage,6.13%
#################### MEMORY STATS 15/12/2022 00:42:27 ####################
Total memory,15.87 GB
Available memory,6.13 GB
In use memory,9.74 GB
Memory usage,6.13%
